lsoa_code,lsoa_name,population,reference_year,source
E01016180,,1360,2024,Office for National Statistics
E01016181,,1977,2024,Office for National Statistics
E01016182,,1555,2024,Office for National Statistics
E01016183,,1347,2024,Office for National Statistics
E01016185,,1413,2024,Office for National Statistics
E01016187,,1606,2024,Office for National Statistics
E01016188,,2657,2024,Office for National Statistics
E01016190,,1602,2024,Office for National Statistics
E01016191,,1721,2024,Office for National Statistics
E01016192,,1362,2024,Office for National Statistics
E01016193,,1221,2024,Office for National Statistics
E01016194,,1210,2024,Office for National Statistics
E01016195,,1189,2024,Office for National Statistics
E01016196,,2307,2024,Office for National Statistics
E01016197,,1418,2024,Office for National Statistics
E01016198,,1151,2024,Office for National Statistics
E01016199,,1160,2024,Office for National Statistics
E01016200,,1330,2024,Office for National Statistics
E01016201,,1291,2024,Office for National Statistics
E01016202,,1214,2024,Office for National Statistics
E01016203,,1300,2024,Office for National Statistics
E01016204,,1190,2024,Office for National Statistics
E01016205,,1326,2024,Office for National Statistics
E01016206,,2043,2024,Office for National Statistics
E01016207,,2738,2024,Office for National Statistics
E01016208,,2253,2024,Office for National Statistics
E01016209,,1510,2024,Office for National Statistics
E01016210,,1295,2024,Office for National Statistics
E01016212,,1312,2024,Office for National Statistics
E01016213,,1171,2024,Office for National Statistics
E01016214,,1385,2024,Office for National Statistics
E01016215,,1229,2024,Office for National Statistics
E01016216,,1311,2024,Office for National Statistics
E01016217,,1369,2024,Office for National Statistics
E01016218,,1354,2024,Office for National Statistics
E01016219,,1283,2024,Office for National Statistics
E01016220,,1427,2024,Office for National Statistics
E01016221,,1242,2024,Office for National Statistics
E01016222,,1180,2024,Office for National Statistics
E01016223,,1247,2024,Office for National Statistics
E01016224,,2199,2024,Office for National Statistics
E01016226,,1566,2024,Office for National Statistics
E01016227,,1297,2024,Office for National Statistics
E01016228,,1810,2024,Office for National Statistics
E01016229,,1178,2024,Office for National Statistics
E01016230,,1990,2024,Office for National Statistics
E01016231,,1975,2024,Office for National Statistics
E01016232,,1455,2024,Office for National Statistics
E01016233,,2675,2024,Office for National Statistics
E01016234,,1002,2024,Office for National Statistics
E01016235,,1234,2024,Office for National Statistics
E01016236,,1438,2024,Office for National Statistics
E01016237,,1107,2024,Office for National Statistics
E01016238,,1838,2024,Office for National Statistics
E01016239,,1558,2024,Office for National Statistics
E01016240,,1724,2024,Office for National Statistics
E01016241,,1782,2024,Office for National Statistics
E01016242,,2371,2024,Office for National Statistics
E01016243,,1400,2024,Office for National Statistics
E01016245,,2341,2024,Office for National Statistics
E01016246,,1529,2024,Office for National Statistics
E01016247,,1789,2024,Office for National Statistics
E01016248,,1590,2024,Office for National Statistics
E01016250,,1894,2024,Office for National Statistics
E01016252,,1485,2024,Office for National Statistics
E01016253,,1365,2024,Office for National Statistics
E01016254,,1516,2024,Office for National Statistics
E01016255,,1535,2024,Office for National Statistics
E01016256,,1699,2024,Office for National Statistics
E01016257,,1313,2024,Office for National Statistics
E01016258,,1535,2024,Office for National Statistics
E01016259,,1562,2024,Office for National Statistics
E01016260,,1632,2024,Office for National Statistics
E01016261,,1623,2024,Office for National Statistics
E01016262,,1405,2024,Office for National Statistics
E01016263,,2366,2024,Office for National Statistics
E01016264,,1756,2024,Office for National Statistics
E01016265,,1567,2024,Office for National Statistics
E01016266,,1385,2024,Office for National Statistics
E01016267,,1506,2024,Office for National Statistics
E01016268,,1735,2024,Office for National Statistics
E01016269,,1431,2024,Office for National Statistics
E01016270,,1492,2024,Office for National Statistics
E01016271,,1430,2024,Office for National Statistics
E01016272,,1542,2024,Office for National Statistics
E01016273,,1711,2024,Office for National Statistics
E01016274,,1437,2024,Office for National Statistics
E01016275,,1443,2024,Office for National Statistics
E01016276,,1952,2024,Office for National Statistics
E01016277,,1542,2024,Office for National Statistics
E01016279,,2473,2024,Office for National Statistics
E01016280,,1870,2024,Office for National Statistics
E01016281,,1477,2024,Office for National Statistics
E01016282,,1498,2024,Office for National Statistics
E01016284,,1345,2024,Office for National Statistics
E01016285,,1532,2024,Office for National Statistics
E01016286,,1813,2024,Office for National Statistics
E01016287,,1422,2024,Office for National Statistics
E01016288,,1709,2024,Office for National Statistics
E01016289,,1430,2024,Office for National Statistics
E01016290,,1550,2024,Office for National Statistics
E01016291,,1954,2024,Office for National Statistics
E01016292,,1633,2024,Office for National Statistics
E01016294,,1499,2024,Office for National Statistics
E01016295,,1547,2024,Office for National Statistics
E01016296,,1570,2024,Office for National Statistics
E01016297,,1815,2024,Office for National Statistics
E01016298,,1234,2024,Office for National Statistics
E01016299,,1534,2024,Office for National Statistics
E01016300,,1479,2024,Office for National Statistics
E01016301,,2017,2024,Office for National Statistics
E01016302,,1523,2024,Office for National Statistics
E01016303,,1424,2024,Office for National Statistics
E01016304,,1574,2024,Office for National Statistics
E01016305,,1220,2024,Office for National Statistics
E01016306,,1360,2024,Office for National Statistics
E01016307,,1705,2024,Office for National Statistics
E01016308,,2023,2024,Office for National Statistics
E01016309,,2446,2024,Office for National Statistics
E01016310,,1963,2024,Office for National Statistics
E01016311,,1685,2024,Office for National Statistics
E01016312,,2019,2024,Office for National Statistics
E01016313,,1796,2024,Office for National Statistics
E01016314,,1589,2024,Office for National Statistics
E01016315,,1704,2024,Office for National Statistics
E01016316,,2075,2024,Office for National Statistics
E01016317,,1522,2024,Office for National Statistics
E01016318,,1525,2024,Office for National Statistics
E01016319,,1876,2024,Office for National Statistics
E01016320,,1493,2024,Office for National Statistics
E01016321,,1689,2024,Office for National Statistics
E01016322,,1453,2024,Office for National Statistics
E01016323,,1604,2024,Office for National Statistics
E01016324,,1820,2024,Office for National Statistics
E01016325,,1596,2024,Office for National Statistics
E01016326,,1373,2024,Office for National Statistics
E01016327,,1238,2024,Office for National Statistics
E01016328,,2060,2024,Office for National Statistics
E01016329,,1363,2024,Office for National Statistics
E01016330,,1385,2024,Office for National Statistics
E01016331,,1594,2024,Office for National Statistics
E01016332,,1633,2024,Office for National Statistics
E01016333,,1281,2024,Office for National Statistics
E01016334,,1682,2024,Office for National Statistics
E01016335,,1490,2024,Office for National Statistics
E01016336,,1315,2024,Office for National Statistics
E01016337,,2322,2024,Office for National Statistics
E01016338,,1725,2024,Office for National Statistics
E01016339,,2967,2024,Office for National Statistics
E01016340,,2037,2024,Office for National Statistics
E01016341,,1296,2024,Office for National Statistics
E01016342,,2079,2024,Office for National Statistics
E01016343,,1359,2024,Office for National Statistics
E01016344,,1592,2024,Office for National Statistics
E01016345,,1508,2024,Office for National Statistics
E01016346,,1683,2024,Office for National Statistics
E01016348,,2509,2024,Office for National Statistics
E01016349,,1215,2024,Office for National Statistics
E01016350,,1507,2024,Office for National Statistics
E01016353,,2448,2024,Office for National Statistics
E01016355,,2108,2024,Office for National Statistics
E01016356,,1662,2024,Office for National Statistics
E01016357,,1859,2024,Office for National Statistics
E01016358,,2098,2024,Office for National Statistics
E01016359,,3274,2024,Office for National Statistics
E01016360,,2783,2024,Office for National Statistics
E01016361,,2210,2024,Office for National Statistics
E01016362,,1859,2024,Office for National Statistics
E01016363,,1913,2024,Office for National Statistics
E01016364,,1466,2024,Office for National Statistics
E01016365,,1639,2024,Office for National Statistics
E01016366,,1535,2024,Office for National Statistics
E01016367,,1599,2024,Office for National Statistics
E01016368,,1649,2024,Office for National Statistics
E01016369,,1848,2024,Office for National Statistics
E01016370,,3872,2024,Office for National Statistics
E01016371,,1740,2024,Office for National Statistics
E01016372,,1460,2024,Office for National Statistics
E01016373,,1584,2024,Office for National Statistics
E01016374,,1846,2024,Office for National Statistics
E01016375,,1407,2024,Office for National Statistics
E01016376,,1943,2024,Office for National Statistics
E01016377,,1905,2024,Office for National Statistics
E01016379,,2173,2024,Office for National Statistics
E01016380,,1710,2024,Office for National Statistics
E01016381,,1578,2024,Office for National Statistics
E01016382,,2003,2024,Office for National Statistics
E01016383,,1550,2024,Office for National Statistics
E01016384,,1792,2024,Office for National Statistics
E01016385,,1778,2024,Office for National Statistics
E01016386,,1483,2024,Office for National Statistics
E01016387,,1532,2024,Office for National Statistics
E01016388,,1530,2024,Office for National Statistics
E01016389,,1925,2024,Office for National Statistics
E01016390,,1751,2024,Office for National Statistics
E01016391,,2202,2024,Office for National Statistics
E01016392,,2477,2024,Office for National Statistics
E01016393,,2103,2024,Office for National Statistics
E01016394,,1602,2024,Office for National Statistics
E01016395,,1547,2024,Office for National Statistics
E01016396,,1667,2024,Office for National Statistics
E01016397,,1882,2024,Office for National Statistics
E01016398,,1843,2024,Office for National Statistics
E01016399,,1594,2024,Office for National Statistics
E01016400,,1830,2024,Office for National Statistics
E01016401,,1448,2024,Office for National Statistics
E01016402,,2123,2024,Office for National Statistics
E01016403,,2145,2024,Office for National Statistics
E01016404,,2347,2024,Office for National Statistics
E01016405,,2409,2024,Office for National Statistics
E01016406,,1684,2024,Office for National Statistics
E01016407,,1685,2024,Office for National Statistics
E01016408,,1436,2024,Office for National Statistics
E01016409,,1873,2024,Office for National Statistics
E01016410,,1886,2024,Office for National Statistics
E01016411,,1652,2024,Office for National Statistics
E01016412,,1496,2024,Office for National Statistics
E01016413,,1791,2024,Office for National Statistics
E01016414,,1870,2024,Office for National Statistics
E01016415,,1780,2024,Office for National Statistics
E01016416,,2160,2024,Office for National Statistics
E01016417,,1772,2024,Office for National Statistics
E01016418,,1581,2024,Office for National Statistics
E01016419,,2160,2024,Office for National Statistics
E01016420,,1583,2024,Office for National Statistics
E01016421,,1370,2024,Office for National Statistics
E01016422,,1470,2024,Office for National Statistics
E01016423,,1623,2024,Office for National Statistics
E01016424,,1470,2024,Office for National Statistics
E01016425,,1717,2024,Office for National Statistics
E01016426,,1410,2024,Office for National Statistics
E01016427,,1700,2024,Office for National Statistics
E01016428,,1914,2024,Office for National Statistics
E01016429,,1618,2024,Office for National Statistics
E01016430,,1433,2024,Office for National Statistics
E01016431,,1697,2024,Office for National Statistics
E01016432,,1535,2024,Office for National Statistics
E01016433,,1489,2024,Office for National Statistics
E01016434,,2125,2024,Office for National Statistics
E01016435,,1527,2024,Office for National Statistics
E01016436,,1583,2024,Office for National Statistics
E01016437,,1440,2024,Office for National Statistics
E01016438,,1389,2024,Office for National Statistics
E01016439,,2101,2024,Office for National Statistics
E01016440,,1525,2024,Office for National Statistics
E01016441,,1534,2024,Office for National Statistics
E01016443,,1686,2024,Office for National Statistics
E01016444,,1735,2024,Office for National Statistics
E01016445,,1923,2024,Office for National Statistics
E01016446,,1865,2024,Office for National Statistics
E01016447,,2054,2024,Office for National Statistics
E01016448,,2593,2024,Office for National Statistics
E01016449,,2505,2024,Office for National Statistics
E01016450,,1628,2024,Office for National Statistics
E01016451,,1844,2024,Office for National Statistics
E01016452,,2035,2024,Office for National Statistics
E01016453,,1732,2024,Office for National Statistics
E01016454,,1730,2024,Office for National Statistics
E01016455,,2159,2024,Office for National Statistics
E01016456,,2244,2024,Office for National Statistics
E01016457,,2164,2024,Office for National Statistics
E01016458,,1850,2024,Office for National Statistics
E01016460,,2176,2024,Office for National Statistics
E01016462,,2713,2024,Office for National Statistics
E01016463,,2100,2024,Office for National Statistics
E01016464,,2351,2024,Office for National Statistics
E01016465,,3293,2024,Office for National Statistics
E01016467,,1576,2024,Office for National Statistics
E01016468,,1987,2024,Office for National Statistics
E01016469,,2012,2024,Office for National Statistics
E01016470,,1878,2024,Office for National Statistics
E01016471,,1593,2024,Office for National Statistics
E01016472,,1737,2024,Office for National Statistics
E01016473,,2874,2024,Office for National Statistics
E01016474,,2199,2024,Office for National Statistics
E01016475,,2523,2024,Office for National Statistics
E01016476,,1841,2024,Office for National Statistics
E01016477,,3018,2024,Office for National Statistics
E01016478,,1936,2024,Office for National Statistics
E01016479,,1751,2024,Office for National Statistics
E01016480,,1570,2024,Office for National Statistics
E01016481,,1530,2024,Office for National Statistics
E01016482,,2134,2024,Office for National Statistics
E01016483,,2294,2024,Office for National Statistics
E01016484,,1896,2024,Office for National Statistics
E01016485,,1957,2024,Office for National Statistics
E01016486,,1783,2024,Office for National Statistics
E01016487,,1837,2024,Office for National Statistics
E01016488,,2010,2024,Office for National Statistics
E01016490,,2209,2024,Office for National Statistics
E01016491,,1872,2024,Office for National Statistics
E01016492,,1900,2024,Office for National Statistics
E01016493,,1261,2024,Office for National Statistics
E01016494,,2028,2024,Office for National Statistics
E01016495,,1559,2024,Office for National Statistics
E01016496,,1380,2024,Office for National Statistics
E01016497,,1377,2024,Office for National Statistics
E01016498,,1685,2024,Office for National Statistics
E01016499,,1458,2024,Office for National Statistics
E01016500,,1904,2024,Office for National Statistics
E01016501,,1829,2024,Office for National Statistics
E01016502,,1646,2024,Office for National Statistics
E01016503,,1742,2024,Office for National Statistics
E01016504,,1631,2024,Office for National Statistics
E01016505,,1893,2024,Office for National Statistics
E01016506,,1881,2024,Office for National Statistics
E01016507,,1938,2024,Office for National Statistics
E01016508,,2359,2024,Office for National Statistics
E01016509,,1765,2024,Office for National Statistics
E01016510,,2213,2024,Office for National Statistics
E01016511,,2855,2024,Office for National Statistics
E01016514,,2220,2024,Office for National Statistics
E01016515,,2132,2024,Office for National Statistics
E01016516,,2154,2024,Office for National Statistics
E01016517,,1804,2024,Office for National Statistics
E01016518,,2047,2024,Office for National Statistics
E01016519,,3175,2024,Office for National Statistics
E01016520,,1833,2024,Office for National Statistics
E01016521,,2163,2024,Office for National Statistics
E01016522,,1887,2024,Office for National Statistics
E01016523,,1623,2024,Office for National Statistics
E01016524,,2157,2024,Office for National Statistics
E01016525,,1902,2024,Office for National Statistics
E01016526,,1914,2024,Office for National Statistics
E01016527,,1647,2024,Office for National Statistics
E01016528,,1784,2024,Office for National Statistics
E01016529,,2397,2024,Office for National Statistics
E01016530,,1639,2024,Office for National Statistics
E01016531,,1492,2024,Office for National Statistics
E01016532,,1940,2024,Office for National Statistics
E01016533,,1946,2024,Office for National Statistics
E01016534,,1626,2024,Office for National Statistics
E01016535,,1400,2024,Office for National Statistics
E01016536,,2039,2024,Office for National Statistics
E01016537,,1988,2024,Office for National Statistics
E01016538,,1615,2024,Office for National Statistics
E01016539,,1628,2024,Office for National Statistics
E01016540,,1653,2024,Office for National Statistics
E01016541,,1386,2024,Office for National Statistics
E01016542,,1262,2024,Office for National Statistics
E01016543,,1961,2024,Office for National Statistics
E01016544,,2231,2024,Office for National Statistics
E01016545,,2280,2024,Office for National Statistics
E01016546,,1647,2024,Office for National Statistics
E01016547,,1751,2024,Office for National Statistics
E01016548,,1962,2024,Office for National Statistics
E01016549,,2047,2024,Office for National Statistics
E01016550,,1481,2024,Office for National Statistics
E01016551,,1629,2024,Office for National Statistics
E01016552,,1760,2024,Office for National Statistics
E01016553,,1561,2024,Office for National Statistics
E01016554,,1843,2024,Office for National Statistics
E01016555,,1674,2024,Office for National Statistics
E01016556,,1911,2024,Office for National Statistics
E01016557,,1985,2024,Office for National Statistics
E01016558,,1498,2024,Office for National Statistics
E01016559,,1492,2024,Office for National Statistics
E01016560,,1632,2024,Office for National Statistics
E01016561,,1830,2024,Office for National Statistics
E01016562,,1408,2024,Office for National Statistics
E01016563,,1353,2024,Office for National Statistics
E01016564,,1788,2024,Office for National Statistics
E01016565,,1755,2024,Office for National Statistics
E01016566,,1819,2024,Office for National Statistics
E01016567,,3246,2024,Office for National Statistics
E01016568,,1299,2024,Office for National Statistics
E01016569,,1126,2024,Office for National Statistics
E01016570,,1642,2024,Office for National Statistics
E01016571,,1930,2024,Office for National Statistics
E01016572,,1287,2024,Office for National Statistics
E01016573,,1556,2024,Office for National Statistics
E01016574,,1806,2024,Office for National Statistics
E01016575,,1913,2024,Office for National Statistics
E01016576,,1898,2024,Office for National Statistics
E01016577,,1845,2024,Office for National Statistics
E01016578,,1804,2024,Office for National Statistics
E01016579,,1850,2024,Office for National Statistics
E01016580,,1596,2024,Office for National Statistics
E01016581,,1470,2024,Office for National Statistics
E01016582,,1666,2024,Office for National Statistics
E01016583,,1972,2024,Office for National Statistics
E01016584,,2404,2024,Office for National Statistics
E01016585,,1707,2024,Office for National Statistics
E01016586,,1337,2024,Office for National Statistics
E01016587,,1780,2024,Office for National Statistics
E01016588,,1827,2024,Office for National Statistics
E01016589,,1690,2024,Office for National Statistics
E01016591,,2602,2024,Office for National Statistics
E01016592,,2176,2024,Office for National Statistics
E01016593,,1863,2024,Office for National Statistics
E01016594,,2083,2024,Office for National Statistics
E01016595,,1935,2024,Office for National Statistics
E01016596,,1921,2024,Office for National Statistics
E01016597,,1733,2024,Office for National Statistics
E01016598,,1454,2024,Office for National Statistics
E01016599,,1701,2024,Office for National Statistics
E01016600,,1143,2024,Office for National Statistics
E01016601,,1690,2024,Office for National Statistics
E01016602,,1608,2024,Office for National Statistics
E01016603,,1811,2024,Office for National Statistics
E01016604,,2201,2024,Office for National Statistics
E01016605,,1697,2024,Office for National Statistics
E01016606,,1813,2024,Office for National Statistics
E01016607,,2016,2024,Office for National Statistics
E01016608,,2018,2024,Office for National Statistics
E01016609,,1915,2024,Office for National Statistics
E01016611,,2972,2024,Office for National Statistics
E01016612,,2740,2024,Office for National Statistics
E01016613,,1542,2024,Office for National Statistics
E01016614,,1645,2024,Office for National Statistics
E01016615,,1569,2024,Office for National Statistics
E01016616,,1706,2024,Office for National Statistics
E01016617,,2163,2024,Office for National Statistics
E01016618,,1449,2024,Office for National Statistics
E01016619,,1676,2024,Office for National Statistics
E01016620,,1480,2024,Office for National Statistics
E01016621,,1568,2024,Office for National Statistics
E01016622,,1148,2024,Office for National Statistics
E01016623,,1516,2024,Office for National Statistics
E01016624,,1374,2024,Office for National Statistics
E01016625,,1731,2024,Office for National Statistics
E01016626,,2309,2024,Office for National Statistics
E01016627,,2125,2024,Office for National Statistics
E01016628,,3563,2024,Office for National Statistics
E01016629,,1406,2024,Office for National Statistics
E01016630,,1523,2024,Office for National Statistics
E01016631,,1353,2024,Office for National Statistics
E01016632,,1908,2024,Office for National Statistics
E01016633,,1344,2024,Office for National Statistics
E01016634,,2210,2024,Office for National Statistics
E01016635,,1411,2024,Office for National Statistics
E01016636,,1475,2024,Office for National Statistics
E01016637,,1077,2024,Office for National Statistics
E01016638,,1317,2024,Office for National Statistics
E01016639,,1548,2024,Office for National Statistics
E01016640,,1560,2024,Office for National Statistics
E01016643,,1324,2024,Office for National Statistics
E01016644,,1477,2024,Office for National Statistics
E01016645,,1520,2024,Office for National Statistics
E01016646,,1589,2024,Office for National Statistics
E01016647,,1840,2024,Office for National Statistics
E01016648,,1438,2024,Office for National Statistics
E01016649,,1436,2024,Office for National Statistics
E01016651,,1432,2024,Office for National Statistics
E01016652,,1230,2024,Office for National Statistics
E01016653,,1364,2024,Office for National Statistics
E01016654,,1272,2024,Office for National Statistics
E01016655,,1252,2024,Office for National Statistics
E01016656,,1449,2024,Office for National Statistics
E01016657,,1385,2024,Office for National Statistics
E01016658,,2963,2024,Office for National Statistics
E01016659,,1430,2024,Office for National Statistics
E01016660,,1717,2024,Office for National Statistics
E01016661,,1344,2024,Office for National Statistics
E01016662,,1801,2024,Office for National Statistics
E01016663,,1668,2024,Office for National Statistics
E01016664,,1370,2024,Office for National Statistics
E01016665,,1535,2024,Office for National Statistics
E01016666,,1398,2024,Office for National Statistics
E01016668,,1717,2024,Office for National Statistics
E01016669,,1998,2024,Office for National Statistics
E01016670,,2977,2024,Office for National Statistics
E01016671,,2120,2024,Office for National Statistics
E01016672,,2977,2024,Office for National Statistics
E01016673,,1797,2024,Office for National Statistics
E01016674,,2545,2024,Office for National Statistics
E01016676,,1561,2024,Office for National Statistics
E01016678,,1506,2024,Office for National Statistics
E01016679,,2338,2024,Office for National Statistics
E01016680,,1428,2024,Office for National Statistics
E01016684,,1646,2024,Office for National Statistics
E01016685,,1599,2024,Office for National Statistics
E01016686,,1110,2024,Office for National Statistics
E01016687,,1289,2024,Office for National Statistics
E01016688,,2224,2024,Office for National Statistics
E01016689,,1346,2024,Office for National Statistics
E01016690,,2288,2024,Office for National Statistics
E01016691,,1425,2024,Office for National Statistics
E01016692,,1566,2024,Office for National Statistics
E01016693,,1333,2024,Office for National Statistics
E01016694,,1577,2024,Office for National Statistics
E01016695,,1562,2024,Office for National Statistics
E01016696,,2018,2024,Office for National Statistics
E01016699,,1738,2024,Office for National Statistics
E01016700,,1976,2024,Office for National Statistics
E01016701,,1996,2024,Office for National Statistics
E01016702,,1982,2024,Office for National Statistics
E01016703,,3049,2024,Office for National Statistics
E01016704,,2491,2024,Office for National Statistics
E01016705,,1739,2024,Office for National Statistics
E01016706,,1701,2024,Office for National Statistics
E01016707,,1822,2024,Office for National Statistics
E01016708,,1694,2024,Office for National Statistics
E01016709,,1719,2024,Office for National Statistics
E01016710,,2106,2024,Office for National Statistics
E01016711,,2976,2024,Office for National Statistics
E01016713,,1824,2024,Office for National Statistics
E01016714,,2483,2024,Office for National Statistics
E01016715,,1740,2024,Office for National Statistics
E01016716,,2731,2024,Office for National Statistics
E01016717,,1676,2024,Office for National Statistics
E01016718,,2039,2024,Office for National Statistics
E01016719,,1420,2024,Office for National Statistics
E01016720,,1583,2024,Office for National Statistics
E01016721,,1911,2024,Office for National Statistics
E01016722,,1539,2024,Office for National Statistics
E01016723,,1566,2024,Office for National Statistics
E01016724,,1827,2024,Office for National Statistics
E01016725,,1685,2024,Office for National Statistics
E01016726,,1892,2024,Office for National Statistics
E01016727,,1884,2024,Office for National Statistics
E01016728,,2104,2024,Office for National Statistics
E01016729,,2455,2024,Office for National Statistics
E01016731,,1558,2024,Office for National Statistics
E01016732,,1380,2024,Office for National Statistics
E01016733,,1828,2024,Office for National Statistics
E01016734,,2338,2024,Office for National Statistics
E01016736,,1463,2024,Office for National Statistics
E01016737,,1701,2024,Office for National Statistics
E01016738,,1998,2024,Office for National Statistics
E01016739,,1537,2024,Office for National Statistics
E01016740,,1511,2024,Office for National Statistics
E01016741,,1518,2024,Office for National Statistics
E01016742,,1867,2024,Office for National Statistics
E01016744,,1751,2024,Office for National Statistics
E01016745,,1656,2024,Office for National Statistics
E01016746,,1810,2024,Office for National Statistics
E01016748,,2081,2024,Office for National Statistics
E01016750,,1576,2024,Office for National Statistics
E01016751,,1585,2024,Office for National Statistics
E01016752,,1672,2024,Office for National Statistics
E01016753,,2249,2024,Office for National Statistics
E01016754,,1676,2024,Office for National Statistics
E01016755,,1838,2024,Office for National Statistics
E01016756,,2167,2024,Office for National Statistics
E01016757,,1510,2024,Office for National Statistics
E01016758,,1636,2024,Office for National Statistics
E01016759,,1871,2024,Office for National Statistics
E01016761,,1774,2024,Office for National Statistics
E01016762,,1349,2024,Office for National Statistics
E01016763,,1290,2024,Office for National Statistics
E01016764,,1413,2024,Office for National Statistics
E01016765,,1593,2024,Office for National Statistics
E01016766,,1370,2024,Office for National Statistics
E01016767,,1275,2024,Office for National Statistics
E01016768,,2799,2024,Office for National Statistics
E01016769,,1308,2024,Office for National Statistics
E01016770,,1501,2024,Office for National Statistics
E01016771,,1419,2024,Office for National Statistics
E01016772,,1420,2024,Office for National Statistics
E01016773,,1934,2024,Office for National Statistics
E01016774,,1781,2024,Office for National Statistics
E01016775,,1739,2024,Office for National Statistics
E01016776,,1483,2024,Office for National Statistics
E01016777,,1625,2024,Office for National Statistics
E01016778,,1629,2024,Office for National Statistics
E01016780,,1852,2024,Office for National Statistics
E01016781,,1345,2024,Office for National Statistics
E01016783,,1979,2024,Office for National Statistics
E01016784,,1817,2024,Office for National Statistics
E01016786,,1519,2024,Office for National Statistics
E01016787,,1752,2024,Office for National Statistics
E01016788,,1571,2024,Office for National Statistics
E01016789,,1236,2024,Office for National Statistics
E01016790,,1443,2024,Office for National Statistics
E01016791,,1420,2024,Office for National Statistics
E01016792,,1246,2024,Office for National Statistics
E01016793,,2140,2024,Office for National Statistics
E01016794,,1710,2024,Office for National Statistics
E01016795,,1529,2024,Office for National Statistics
E01016796,,1730,2024,Office for National Statistics
E01016797,,1768,2024,Office for National Statistics
E01016798,,1964,2024,Office for National Statistics
E01016799,,2387,2024,Office for National Statistics
E01016800,,1996,2024,Office for National Statistics
E01016801,,1336,2024,Office for National Statistics
E01016802,,1444,2024,Office for National Statistics
E01016803,,1395,2024,Office for National Statistics
E01016804,,2009,2024,Office for National Statistics
E01016805,,1289,2024,Office for National Statistics
E01016806,,1982,2024,Office for National Statistics
E01016807,,1860,2024,Office for National Statistics
E01016808,,1411,2024,Office for National Statistics
E01016809,,1363,2024,Office for National Statistics
E01016810,,1501,2024,Office for National Statistics
E01016811,,1515,2024,Office for National Statistics
E01016812,,1553,2024,Office for National Statistics
E01016813,,1388,2024,Office for National Statistics
E01016815,,1289,2024,Office for National Statistics
E01016816,,1587,2024,Office for National Statistics
E01016817,,1494,2024,Office for National Statistics
E01016818,,1827,2024,Office for National Statistics
E01016819,,1329,2024,Office for National Statistics
E01016820,,1936,2024,Office for National Statistics
E01016821,,1580,2024,Office for National Statistics
E01016822,,1826,2024,Office for National Statistics
E01016823,,1709,2024,Office for National Statistics
E01016824,,1578,2024,Office for National Statistics
E01016825,,1459,2024,Office for National Statistics
E01016826,,1317,2024,Office for National Statistics
E01016827,,1679,2024,Office for National Statistics
E01016828,,1667,2024,Office for National Statistics
E01016829,,1609,2024,Office for National Statistics
E01016830,,1215,2024,Office for National Statistics
E01016831,,1506,2024,Office for National Statistics
E01016832,,1267,2024,Office for National Statistics
E01016833,,1235,2024,Office for National Statistics
E01016834,,1674,2024,Office for National Statistics
E01016835,,1834,2024,Office for National Statistics
E01016836,,1756,2024,Office for National Statistics
E01016837,,1890,2024,Office for National Statistics
E01016838,,1633,2024,Office for National Statistics
E01016839,,1935,2024,Office for National Statistics
E01016841,,2613,2024,Office for National Statistics
E01016842,,1550,2024,Office for National Statistics
E01016843,,1690,2024,Office for National Statistics
E01016844,,1716,2024,Office for National Statistics
E01016845,,1811,2024,Office for National Statistics
E01016846,,1703,2024,Office for National Statistics
E01016847,,2233,2024,Office for National Statistics
E01016848,,1660,2024,Office for National Statistics
E01017380,,1319,2024,Office for National Statistics
E01017627,,1828,2024,Office for National Statistics
E01017628,,1847,2024,Office for National Statistics
E01017629,,1657,2024,Office for National Statistics
E01017630,,1567,2024,Office for National Statistics
E01017631,,3509,2024,Office for National Statistics
E01017634,,1745,2024,Office for National Statistics
E01017635,,1548,2024,Office for National Statistics
E01017636,,1610,2024,Office for National Statistics
E01017637,,1375,2024,Office for National Statistics
E01017638,,1285,2024,Office for National Statistics
E01017639,,1474,2024,Office for National Statistics
E01017640,,1639,2024,Office for National Statistics
E01017642,,1240,2024,Office for National Statistics
E01017643,,1412,2024,Office for National Statistics
E01017644,,1497,2024,Office for National Statistics
E01017645,,1487,2024,Office for National Statistics
E01017646,,2364,2024,Office for National Statistics
E01017647,,1530,2024,Office for National Statistics
E01017648,,1668,2024,Office for National Statistics
E01017649,,3265,2024,Office for National Statistics
E01017651,,1561,2024,Office for National Statistics
E01017652,,1870,2024,Office for National Statistics
E01017653,,1475,2024,Office for National Statistics
E01017654,,1748,2024,Office for National Statistics
E01017655,,1836,2024,Office for National Statistics
E01017657,,1579,2024,Office for National Statistics
E01017658,,1663,2024,Office for National Statistics
E01017659,,1780,2024,Office for National Statistics
E01017660,,1703,2024,Office for National Statistics
E01017661,,1686,2024,Office for National Statistics
E01017662,,1480,2024,Office for National Statistics
E01017663,,1754,2024,Office for National Statistics
E01017664,,1375,2024,Office for National Statistics
E01017665,,3188,2024,Office for National Statistics
E01017666,,2497,2024,Office for National Statistics
E01017667,,1613,2024,Office for National Statistics
E01017668,,1641,2024,Office for National Statistics
E01017669,,2846,2024,Office for National Statistics
E01017670,,1904,2024,Office for National Statistics
E01017671,,1627,2024,Office for National Statistics
E01017672,,1658,2024,Office for National Statistics
E01017673,,1393,2024,Office for National Statistics
E01017674,,1760,2024,Office for National Statistics
E01017675,,2132,2024,Office for National Statistics
E01017676,,1430,2024,Office for National Statistics
E01017677,,2536,2024,Office for National Statistics
E01017678,,1422,2024,Office for National Statistics
E01017679,,1612,2024,Office for National Statistics
E01017680,,1263,2024,Office for National Statistics
E01017681,,1423,2024,Office for National Statistics
E01017682,,1382,2024,Office for National Statistics
E01017683,,1956,2024,Office for National Statistics
E01017684,,1189,2024,Office for National Statistics
E01017687,,2775,2024,Office for National Statistics
E01017688,,1157,2024,Office for National Statistics
E01017689,,1321,2024,Office for National Statistics
E01017690,,1178,2024,Office for National Statistics
E01017691,,1352,2024,Office for National Statistics
E01017692,,1663,2024,Office for National Statistics
E01017693,,1167,2024,Office for National Statistics
E01017694,,2435,2024,Office for National Statistics
E01017695,,1201,2024,Office for National Statistics
E01017696,,1469,2024,Office for National Statistics
E01017697,,1378,2024,Office for National Statistics
E01017698,,1416,2024,Office for National Statistics
E01017699,,2080,2024,Office for National Statistics
E01017700,,1626,2024,Office for National Statistics
E01017701,,2900,2024,Office for National Statistics
E01017702,,1533,2024,Office for National Statistics
E01017703,,1378,2024,Office for National Statistics
E01017704,,1292,2024,Office for National Statistics
E01017706,,1388,2024,Office for National Statistics
E01017707,,1313,2024,Office for National Statistics
E01017708,,1649,2024,Office for National Statistics
E01017709,,1746,2024,Office for National Statistics
E01017710,,1655,2024,Office for National Statistics
E01017711,,1800,2024,Office for National Statistics
E01017712,,2476,2024,Office for National Statistics
E01017713,,1478,2024,Office for National Statistics
E01017714,,2019,2024,Office for National Statistics
E01017715,,1216,2024,Office for National Statistics
E01017716,,1982,2024,Office for National Statistics
E01017717,,1783,2024,Office for National Statistics
E01017718,,1875,2024,Office for National Statistics
E01017719,,1377,2024,Office for National Statistics
E01017720,,1303,2024,Office for National Statistics
E01017721,,1738,2024,Office for National Statistics
E01017722,,1460,2024,Office for National Statistics
E01017723,,1354,2024,Office for National Statistics
E01017724,,1581,2024,Office for National Statistics
E01017726,,1150,2024,Office for National Statistics
E01017727,,1793,2024,Office for National Statistics
E01017729,,1663,2024,Office for National Statistics
E01017730,,1635,2024,Office for National Statistics
E01017731,,1306,2024,Office for National Statistics
E01017732,,1606,2024,Office for National Statistics
E01017733,,1297,2024,Office for National Statistics
E01017734,,1676,2024,Office for National Statistics
E01017735,,1416,2024,Office for National Statistics
E01017736,,1545,2024,Office for National Statistics
E01017737,,1338,2024,Office for National Statistics
E01017738,,2740,2024,Office for National Statistics
E01017739,,1315,2024,Office for National Statistics
E01017740,,1509,2024,Office for National Statistics
E01017741,,1768,2024,Office for National Statistics
E01017742,,1868,2024,Office for National Statistics
E01017743,,1990,2024,Office for National Statistics
E01017744,,1522,2024,Office for National Statistics
E01017745,,1764,2024,Office for National Statistics
E01017746,,1734,2024,Office for National Statistics
E01017747,,1555,2024,Office for National Statistics
E01017748,,1964,2024,Office for National Statistics
E01017749,,1833,2024,Office for National Statistics
E01017750,,2256,2024,Office for National Statistics
E01017751,,2237,2024,Office for National Statistics
E01017752,,2290,2024,Office for National Statistics
E01017753,,1288,2024,Office for National Statistics
E01017754,,1625,2024,Office for National Statistics
E01017755,,2142,2024,Office for National Statistics
E01017756,,1560,2024,Office for National Statistics
E01017757,,1252,2024,Office for National Statistics
E01017758,,1379,2024,Office for National Statistics
E01017759,,1945,2024,Office for National Statistics
E01017760,,1646,2024,Office for National Statistics
E01017761,,2155,2024,Office for National Statistics
E01017762,,1440,2024,Office for National Statistics
E01017763,,1775,2024,Office for National Statistics
E01017764,,1751,2024,Office for National Statistics
E01017765,,1749,2024,Office for National Statistics
E01017766,,2317,2024,Office for National Statistics
E01017767,,2362,2024,Office for National Statistics
E01017768,,2395,2024,Office for National Statistics
E01017769,,1608,2024,Office for National Statistics
E01017770,,1777,2024,Office for National Statistics
E01017771,,1569,2024,Office for National Statistics
E01017773,,1552,2024,Office for National Statistics
E01017774,,1309,2024,Office for National Statistics
E01017775,,1783,2024,Office for National Statistics
E01017776,,2270,2024,Office for National Statistics
E01017777,,1840,2024,Office for National Statistics
E01017778,,1337,2024,Office for National Statistics
E01017779,,1139,2024,Office for National Statistics
E01017780,,1362,2024,Office for National Statistics
E01017781,,1322,2024,Office for National Statistics
E01017782,,1549,2024,Office for National Statistics
E01017783,,1542,2024,Office for National Statistics
E01017784,,1619,2024,Office for National Statistics
E01017785,,1527,2024,Office for National Statistics
E01017786,,1494,2024,Office for National Statistics
E01017787,,1571,2024,Office for National Statistics
E01017788,,1622,2024,Office for National Statistics
E01017789,,1434,2024,Office for National Statistics
E01017790,,1555,2024,Office for National Statistics
E01017791,,1567,2024,Office for National Statistics
E01017792,,2636,2024,Office for National Statistics
E01017793,,1510,2024,Office for National Statistics
E01017794,,2443,2024,Office for National Statistics
E01017795,,2349,2024,Office for National Statistics
E01017796,,1869,2024,Office for National Statistics
E01017797,,1435,2024,Office for National Statistics
E01017798,,1870,2024,Office for National Statistics
E01017799,,2252,2024,Office for National Statistics
E01017800,,1894,2024,Office for National Statistics
E01017801,,1728,2024,Office for National Statistics
E01017802,,1778,2024,Office for National Statistics
E01017803,,1381,2024,Office for National Statistics
E01017804,,1952,2024,Office for National Statistics
E01017805,,1963,2024,Office for National Statistics
E01017806,,1722,2024,Office for National Statistics
E01017807,,1688,2024,Office for National Statistics
E01017808,,1670,2024,Office for National Statistics
E01017809,,1626,2024,Office for National Statistics
E01017810,,2404,2024,Office for National Statistics
E01017811,,1252,2024,Office for National Statistics
E01017812,,1995,2024,Office for National Statistics
E01017813,,1978,2024,Office for National Statistics
E01017814,,1859,2024,Office for National Statistics
E01017815,,1988,2024,Office for National Statistics
E01017816,,1822,2024,Office for National Statistics
E01017817,,2195,2024,Office for National Statistics
E01017818,,2193,2024,Office for National Statistics
E01017819,,1730,2024,Office for National Statistics
E01017820,,1921,2024,Office for National Statistics
E01017821,,1663,2024,Office for National Statistics
E01017822,,2102,2024,Office for National Statistics
E01017823,,1429,2024,Office for National Statistics
E01017824,,1756,2024,Office for National Statistics
E01017825,,1729,2024,Office for National Statistics
E01017826,,1629,2024,Office for National Statistics
E01017827,,2154,2024,Office for National Statistics
E01017828,,1598,2024,Office for National Statistics
E01017829,,2398,2024,Office for National Statistics
E01017830,,2035,2024,Office for National Statistics
E01017831,,1735,2024,Office for National Statistics
E01017832,,1884,2024,Office for National Statistics
E01017833,,2435,2024,Office for National Statistics
E01017834,,1742,2024,Office for National Statistics
E01017835,,1750,2024,Office for National Statistics
E01017836,,1853,2024,Office for National Statistics
E01017837,,3332,2024,Office for National Statistics
E01017838,,1751,2024,Office for National Statistics
E01017839,,2576,2024,Office for National Statistics
E01017840,,2147,2024,Office for National Statistics
E01017841,,3192,2024,Office for National Statistics
E01017843,,1592,2024,Office for National Statistics
E01017844,,1853,2024,Office for National Statistics
E01017845,,1553,2024,Office for National Statistics
E01017846,,1608,2024,Office for National Statistics
E01017847,,1674,2024,Office for National Statistics
E01017848,,1244,2024,Office for National Statistics
E01017849,,1524,2024,Office for National Statistics
E01017850,,1448,2024,Office for National Statistics
E01017851,,1853,2024,Office for National Statistics
E01017852,,2766,2024,Office for National Statistics
E01017853,,1362,2024,Office for National Statistics
E01017854,,1214,2024,Office for National Statistics
E01017855,,1669,2024,Office for National Statistics
E01017856,,1465,2024,Office for National Statistics
E01017857,,1479,2024,Office for National Statistics
E01017858,,2581,2024,Office for National Statistics
E01017859,,1761,2024,Office for National Statistics
E01017860,,1511,2024,Office for National Statistics
E01017861,,1594,2024,Office for National Statistics
E01017862,,1797,2024,Office for National Statistics
E01017863,,1778,2024,Office for National Statistics
E01017864,,1295,2024,Office for National Statistics
E01017865,,1506,2024,Office for National Statistics
E01017866,,1465,2024,Office for National Statistics
E01017867,,1562,2024,Office for National Statistics
E01017868,,1520,2024,Office for National Statistics
E01017869,,1304,2024,Office for National Statistics
E01017870,,1166,2024,Office for National Statistics
E01017871,,1455,2024,Office for National Statistics
E01017872,,1568,2024,Office for National Statistics
E01017873,,1396,2024,Office for National Statistics
E01017874,,1527,2024,Office for National Statistics
E01017875,,1554,2024,Office for National Statistics
E01017876,,2048,2024,Office for National Statistics
E01017877,,1518,2024,Office for National Statistics
E01017878,,2364,2024,Office for National Statistics
E01017880,,1373,2024,Office for National Statistics
E01017881,,1896,2024,Office for National Statistics
E01017882,,1627,2024,Office for National Statistics
E01017883,,1651,2024,Office for National Statistics
E01017884,,1372,2024,Office for National Statistics
E01017885,,2377,2024,Office for National Statistics
E01017886,,1453,2024,Office for National Statistics
E01017887,,1142,2024,Office for National Statistics
E01017888,,1549,2024,Office for National Statistics
E01017889,,1410,2024,Office for National Statistics
E01017890,,1373,2024,Office for National Statistics
E01017891,,1447,2024,Office for National Statistics
E01017892,,1511,2024,Office for National Statistics
E01017893,,1799,2024,Office for National Statistics
E01017894,,1632,2024,Office for National Statistics
E01017895,,1317,2024,Office for National Statistics
E01017896,,1423,2024,Office for National Statistics
E01017897,,1736,2024,Office for National Statistics
E01017898,,1247,2024,Office for National Statistics
E01017899,,1733,2024,Office for National Statistics
E01017900,,1225,2024,Office for National Statistics
E01017901,,1236,2024,Office for National Statistics
E01017902,,1648,2024,Office for National Statistics
E01017903,,1811,2024,Office for National Statistics
E01017904,,2171,2024,Office for National Statistics
E01017905,,2952,2024,Office for National Statistics
E01017906,,2011,2024,Office for National Statistics
E01017907,,1864,2024,Office for National Statistics
E01017910,,2708,2024,Office for National Statistics
E01017911,,1682,2024,Office for National Statistics
E01017912,,1506,2024,Office for National Statistics
E01017913,,2441,2024,Office for National Statistics
E01017914,,1452,2024,Office for National Statistics
E01017915,,1469,2024,Office for National Statistics
E01017916,,1192,2024,Office for National Statistics
E01017917,,1758,2024,Office for National Statistics
E01017918,,1529,2024,Office for National Statistics
E01017919,,1494,2024,Office for National Statistics
E01017920,,1583,2024,Office for National Statistics
E01017921,,1861,2024,Office for National Statistics
E01017922,,2494,2024,Office for National Statistics
E01017923,,1736,2024,Office for National Statistics
E01017924,,1666,2024,Office for National Statistics
E01017925,,2223,2024,Office for National Statistics
E01017926,,1563,2024,Office for National Statistics
E01017927,,1813,2024,Office for National Statistics
E01017928,,1524,2024,Office for National Statistics
E01017929,,1769,2024,Office for National Statistics
E01017930,,1950,2024,Office for National Statistics
E01017931,,1451,2024,Office for National Statistics
E01017932,,1668,2024,Office for National Statistics
E01017933,,2028,2024,Office for National Statistics
E01017934,,1932,2024,Office for National Statistics
E01017935,,2170,2024,Office for National Statistics
E01017936,,1506,2024,Office for National Statistics
E01017937,,1440,2024,Office for National Statistics
E01017938,,1297,2024,Office for National Statistics
E01017939,,1505,2024,Office for National Statistics
E01017940,,1715,2024,Office for National Statistics
E01017941,,1537,2024,Office for National Statistics
E01017942,,1441,2024,Office for National Statistics
E01022472,,1249,2024,Office for National Statistics
E01022492,,1868,2024,Office for National Statistics
E01022555,,1523,2024,Office for National Statistics
E01023419,,2047,2024,Office for National Statistics
E01028422,,1887,2024,Office for National Statistics
E01028423,,1630,2024,Office for National Statistics
E01028426,,1981,2024,Office for National Statistics
E01028427,,1491,2024,Office for National Statistics
E01028428,,1339,2024,Office for National Statistics
E01028429,,1198,2024,Office for National Statistics
E01028430,,2069,2024,Office for National Statistics
E01028431,,1706,2024,Office for National Statistics
E01028432,,2032,2024,Office for National Statistics
E01028433,,1587,2024,Office for National Statistics
E01028434,,2271,2024,Office for National Statistics
E01028435,,2534,2024,Office for National Statistics
E01028437,,1772,2024,Office for National Statistics
E01028439,,1405,2024,Office for National Statistics
E01028440,,1870,2024,Office for National Statistics
E01028441,,2566,2024,Office for National Statistics
E01028443,,1397,2024,Office for National Statistics
E01028444,,1506,2024,Office for National Statistics
E01028445,,1537,2024,Office for National Statistics
E01028446,,1603,2024,Office for National Statistics
E01028447,,1309,2024,Office for National Statistics
E01028448,,1736,2024,Office for National Statistics
E01028449,,1528,2024,Office for National Statistics
E01028450,,1533,2024,Office for National Statistics
E01028451,,1311,2024,Office for National Statistics
E01028452,,1473,2024,Office for National Statistics
E01028453,,1475,2024,Office for National Statistics
E01028454,,1827,2024,Office for National Statistics
E01028455,,1502,2024,Office for National Statistics
E01028456,,1493,2024,Office for National Statistics
E01028457,,1365,2024,Office for National Statistics
E01028458,,1576,2024,Office for National Statistics
E01028459,,1525,2024,Office for National Statistics
E01028460,,2042,2024,Office for National Statistics
E01028461,,1684,2024,Office for National Statistics
E01028462,,1593,2024,Office for National Statistics
E01028463,,2604,2024,Office for National Statistics
E01028464,,1661,2024,Office for National Statistics
E01028465,,1412,2024,Office for National Statistics
E01028466,,1792,2024,Office for National Statistics
E01028467,,1958,2024,Office for National Statistics
E01028469,,1408,2024,Office for National Statistics
E01028470,,1686,2024,Office for National Statistics
E01028471,,1375,2024,Office for National Statistics
E01028472,,1164,2024,Office for National Statistics
E01028473,,1442,2024,Office for National Statistics
E01028474,,2131,2024,Office for National Statistics
E01028476,,2848,2024,Office for National Statistics
E01028477,,2790,2024,Office for National Statistics
E01028478,,1413,2024,Office for National Statistics
E01028479,,1382,2024,Office for National Statistics
E01028480,,1545,2024,Office for National Statistics
E01028481,,1425,2024,Office for National Statistics
E01028482,,1314,2024,Office for National Statistics
E01028483,,1271,2024,Office for National Statistics
E01028484,,1087,2024,Office for National Statistics
E01028485,,1563,2024,Office for National Statistics
E01028486,,1257,2024,Office for National Statistics
E01028487,,1265,2024,Office for National Statistics
E01028488,,1433,2024,Office for National Statistics
E01028489,,1357,2024,Office for National Statistics
E01028490,,1310,2024,Office for National Statistics
E01028491,,1662,2024,Office for National Statistics
E01028492,,1607,2024,Office for National Statistics
E01028493,,1463,2024,Office for National Statistics
E01028494,,1162,2024,Office for National Statistics
E01028495,,1324,2024,Office for National Statistics
E01028496,,1435,2024,Office for National Statistics
E01028497,,1402,2024,Office for National Statistics
E01028498,,1640,2024,Office for National Statistics
E01028499,,2172,2024,Office for National Statistics
E01028500,,1607,2024,Office for National Statistics
E01028501,,1153,2024,Office for National Statistics
E01028502,,1123,2024,Office for National Statistics
E01028503,,1137,2024,Office for National Statistics
E01028504,,1437,2024,Office for National Statistics
E01028506,,2124,2024,Office for National Statistics
E01028507,,1440,2024,Office for National Statistics
E01028508,,1091,2024,Office for National Statistics
E01028510,,1710,2024,Office for National Statistics
E01028511,,1924,2024,Office for National Statistics
E01028512,,1921,2024,Office for National Statistics
E01028513,,2732,2024,Office for National Statistics
E01028514,,1558,2024,Office for National Statistics
E01028515,,1745,2024,Office for National Statistics
E01028516,,2919,2024,Office for National Statistics
E01028517,,1410,2024,Office for National Statistics
E01028518,,1686,2024,Office for National Statistics
E01028519,,1840,2024,Office for National Statistics
E01028520,,1729,2024,Office for National Statistics
E01028521,,9947,2024,Office for National Statistics
E01028522,,4318,2024,Office for National Statistics
E01028523,,1892,2024,Office for National Statistics
E01028524,,1766,2024,Office for National Statistics
E01028525,,2174,2024,Office for National Statistics
E01028526,,2219,2024,Office for National Statistics
E01028527,,1781,2024,Office for National Statistics
E01028528,,1714,2024,Office for National Statistics
E01028529,,1869,2024,Office for National Statistics
E01028530,,2172,2024,Office for National Statistics
E01028531,,2307,2024,Office for National Statistics
E01028532,,2949,2024,Office for National Statistics
E01028534,,1182,2024,Office for National Statistics
E01028535,,2134,2024,Office for National Statistics
E01028536,,1392,2024,Office for National Statistics
E01028537,,1673,2024,Office for National Statistics
E01028538,,1836,2024,Office for National Statistics
E01028539,,2113,2024,Office for National Statistics
E01028540,,1763,2024,Office for National Statistics
E01028541,,1360,2024,Office for National Statistics
E01028542,,1794,2024,Office for National Statistics
E01028543,,1161,2024,Office for National Statistics
E01028544,,1095,2024,Office for National Statistics
E01028545,,1716,2024,Office for National Statistics
E01028546,,1898,2024,Office for National Statistics
E01028547,,2389,2024,Office for National Statistics
E01028548,,1960,2024,Office for National Statistics
E01028549,,1332,2024,Office for National Statistics
E01028550,,1398,2024,Office for National Statistics
E01028551,,1742,2024,Office for National Statistics
E01028552,,2481,2024,Office for National Statistics
E01028553,,2591,2024,Office for National Statistics
E01028554,,1528,2024,Office for National Statistics
E01028555,,1602,2024,Office for National Statistics
E01028556,,2904,2024,Office for National Statistics
E01028557,,2231,2024,Office for National Statistics
E01028558,,1699,2024,Office for National Statistics
E01028559,,1949,2024,Office for National Statistics
E01028560,,1870,2024,Office for National Statistics
E01028561,,1953,2024,Office for National Statistics
E01028562,,1958,2024,Office for National Statistics
E01028563,,1630,2024,Office for National Statistics
E01028565,,1230,2024,Office for National Statistics
E01028567,,1980,2024,Office for National Statistics
E01028568,,1439,2024,Office for National Statistics
E01028569,,1534,2024,Office for National Statistics
E01028570,,2081,2024,Office for National Statistics
E01028571,,1653,2024,Office for National Statistics
E01028572,,1878,2024,Office for National Statistics
E01028573,,1825,2024,Office for National Statistics
E01028574,,1432,2024,Office for National Statistics
E01028575,,1491,2024,Office for National Statistics
E01028576,,1765,2024,Office for National Statistics
E01028577,,2311,2024,Office for National Statistics
E01028578,,1570,2024,Office for National Statistics
E01028579,,1673,2024,Office for National Statistics
E01028580,,1804,2024,Office for National Statistics
E01028581,,1691,2024,Office for National Statistics
E01028582,,1144,2024,Office for National Statistics
E01028584,,2475,2024,Office for National Statistics
E01028586,,1650,2024,Office for National Statistics
E01028587,,1919,2024,Office for National Statistics
E01028588,,1968,2024,Office for National Statistics
E01028591,,1307,2024,Office for National Statistics
E01028592,,1828,2024,Office for National Statistics
E01028594,,1614,2024,Office for National Statistics
E01028595,,1919,2024,Office for National Statistics
E01028596,,1425,2024,Office for National Statistics
E01028597,,1575,2024,Office for National Statistics
E01028598,,2578,2024,Office for National Statistics
E01028599,,2556,2024,Office for National Statistics
E01028600,,1557,2024,Office for National Statistics
E01028601,,1604,2024,Office for National Statistics
E01028602,,1119,2024,Office for National Statistics
E01028603,,1487,2024,Office for National Statistics
E01028604,,1626,2024,Office for National Statistics
E01028605,,1527,2024,Office for National Statistics
E01028606,,1790,2024,Office for National Statistics
E01028607,,1799,2024,Office for National Statistics
E01028608,,1533,2024,Office for National Statistics
E01028609,,1521,2024,Office for National Statistics
E01028610,,1578,2024,Office for National Statistics
E01028611,,1276,2024,Office for National Statistics
E01028612,,1275,2024,Office for National Statistics
E01028613,,1407,2024,Office for National Statistics
E01028614,,2872,2024,Office for National Statistics
E01028615,,1948,2024,Office for National Statistics
E01028616,,1849,2024,Office for National Statistics
E01028617,,2149,2024,Office for National Statistics
E01028619,,1878,2024,Office for National Statistics
E01028622,,2083,2024,Office for National Statistics
E01028623,,1625,2024,Office for National Statistics
E01028624,,2333,2024,Office for National Statistics
E01028625,,1940,2024,Office for National Statistics
E01028626,,1553,2024,Office for National Statistics
E01028627,,1402,2024,Office for National Statistics
E01028628,,2302,2024,Office for National Statistics
E01028629,,1432,2024,Office for National Statistics
E01028630,,1509,2024,Office for National Statistics
E01028631,,1197,2024,Office for National Statistics
E01028632,,1515,2024,Office for National Statistics
E01028633,,1463,2024,Office for National Statistics
E01028634,,1270,2024,Office for National Statistics
E01028635,,1656,2024,Office for National Statistics
E01028636,,1336,2024,Office for National Statistics
E01028637,,2230,2024,Office for National Statistics
E01028638,,1582,2024,Office for National Statistics
E01028639,,1433,2024,Office for National Statistics
E01028640,,1453,2024,Office for National Statistics
E01028641,,1258,2024,Office for National Statistics
E01028642,,1473,2024,Office for National Statistics
E01028643,,1428,2024,Office for National Statistics
E01028644,,1676,2024,Office for National Statistics
E01028645,,1586,2024,Office for National Statistics
E01028646,,1211,2024,Office for National Statistics
E01028647,,1619,2024,Office for National Statistics
E01028649,,1551,2024,Office for National Statistics
E01028650,,2133,2024,Office for National Statistics
E01028651,,1635,2024,Office for National Statistics
E01028652,,2232,2024,Office for National Statistics
E01028653,,1708,2024,Office for National Statistics
E01028654,,1586,2024,Office for National Statistics
E01028655,,1759,2024,Office for National Statistics
E01028656,,1380,2024,Office for National Statistics
E01028657,,1199,2024,Office for National Statistics
E01028658,,1308,2024,Office for National Statistics
E01028659,,1580,2024,Office for National Statistics
E01028660,,2244,2024,Office for National Statistics
E01028661,,1769,2024,Office for National Statistics
E01028662,,1383,2024,Office for National Statistics
E01028663,,1635,2024,Office for National Statistics
E01028664,,1543,2024,Office for National Statistics
E01028665,,1402,2024,Office for National Statistics
E01028666,,1476,2024,Office for National Statistics
E01028667,,1319,2024,Office for National Statistics
E01028668,,1295,2024,Office for National Statistics
E01028669,,1346,2024,Office for National Statistics
E01028670,,1460,2024,Office for National Statistics
E01028671,,1648,2024,Office for National Statistics
E01028672,,2734,2024,Office for National Statistics
E01028673,,2261,2024,Office for National Statistics
E01028674,,1396,2024,Office for National Statistics
E01028675,,1411,2024,Office for National Statistics
E01028676,,2317,2024,Office for National Statistics
E01028677,,1462,2024,Office for National Statistics
E01028678,,1615,2024,Office for National Statistics
E01028679,,2178,2024,Office for National Statistics
E01028680,,1985,2024,Office for National Statistics
E01028681,,1292,2024,Office for National Statistics
E01028682,,1244,2024,Office for National Statistics
E01028683,,1520,2024,Office for National Statistics
E01028684,,1396,2024,Office for National Statistics
E01028685,,1276,2024,Office for National Statistics
E01028686,,1480,2024,Office for National Statistics
E01028688,,1113,2024,Office for National Statistics
E01028689,,1396,2024,Office for National Statistics
E01028690,,1546,2024,Office for National Statistics
E01028691,,1826,2024,Office for National Statistics
E01028692,,1428,2024,Office for National Statistics
E01028693,,1508,2024,Office for National Statistics
E01028694,,1394,2024,Office for National Statistics
E01028695,,1608,2024,Office for National Statistics
E01028696,,1450,2024,Office for National Statistics
E01028697,,1613,2024,Office for National Statistics
E01028698,,1387,2024,Office for National Statistics
E01028699,,1602,2024,Office for National Statistics
E01028700,,1694,2024,Office for National Statistics
E01028701,,1592,2024,Office for National Statistics
E01028702,,1213,2024,Office for National Statistics
E01028703,,1710,2024,Office for National Statistics
E01028704,,1870,2024,Office for National Statistics
E01028705,,1147,2024,Office for National Statistics
E01028706,,1376,2024,Office for National Statistics
E01028707,,1393,2024,Office for National Statistics
E01028708,,1860,2024,Office for National Statistics
E01028709,,2035,2024,Office for National Statistics
E01028710,,2147,2024,Office for National Statistics
E01028711,,1671,2024,Office for National Statistics
E01028712,,2186,2024,Office for National Statistics
E01028713,,2604,2024,Office for National Statistics
E01028715,,2486,2024,Office for National Statistics
E01028716,,2861,2024,Office for National Statistics
E01028717,,1607,2024,Office for National Statistics
E01028718,,1481,2024,Office for National Statistics
E01028719,,1948,2024,Office for National Statistics
E01028720,,2915,2024,Office for National Statistics
E01028721,,1207,2024,Office for National Statistics
E01028722,,1756,2024,Office for National Statistics
E01028723,,2483,2024,Office for National Statistics
E01028724,,1200,2024,Office for National Statistics
E01028725,,4125,2024,Office for National Statistics
E01028726,,3215,2024,Office for National Statistics
E01028728,,1298,2024,Office for National Statistics
E01028729,,1916,2024,Office for National Statistics
E01028730,,1646,2024,Office for National Statistics
E01028731,,2203,2024,Office for National Statistics
E01028732,,2136,2024,Office for National Statistics
E01028733,,1412,2024,Office for National Statistics
E01028734,,1578,2024,Office for National Statistics
E01028735,,1660,2024,Office for National Statistics
E01028737,,2409,2024,Office for National Statistics
E01028738,,2326,2024,Office for National Statistics
E01028739,,2632,2024,Office for National Statistics
E01028740,,1669,2024,Office for National Statistics
E01028741,,2151,2024,Office for National Statistics
E01028742,,2192,2024,Office for National Statistics
E01028743,,1781,2024,Office for National Statistics
E01028744,,1729,2024,Office for National Statistics
E01028745,,2321,2024,Office for National Statistics
E01028746,,1823,2024,Office for National Statistics
E01028747,,1638,2024,Office for National Statistics
E01028748,,1533,2024,Office for National Statistics
E01028749,,3098,2024,Office for National Statistics
E01028750,,1358,2024,Office for National Statistics
E01028751,,1915,2024,Office for National Statistics
E01028752,,1637,2024,Office for National Statistics
E01028753,,1767,2024,Office for National Statistics
E01028754,,1838,2024,Office for National Statistics
E01028755,,1890,2024,Office for National Statistics
E01028757,,2393,2024,Office for National Statistics
E01028758,,2644,2024,Office for National Statistics
E01028759,,1811,2024,Office for National Statistics
E01028760,,1246,2024,Office for National Statistics
E01028761,,1273,2024,Office for National Statistics
E01028762,,1811,2024,Office for National Statistics
E01028763,,2216,2024,Office for National Statistics
E01028764,,1796,2024,Office for National Statistics
E01028765,,2867,2024,Office for National Statistics
E01028767,,2167,2024,Office for National Statistics
E01028771,,1564,2024,Office for National Statistics
E01028772,,2622,2024,Office for National Statistics
E01028773,,1292,2024,Office for National Statistics
E01028774,,1542,2024,Office for National Statistics
E01028775,,1318,2024,Office for National Statistics
E01028776,,1889,2024,Office for National Statistics
E01028777,,1253,2024,Office for National Statistics
E01028778,,1486,2024,Office for National Statistics
E01028779,,1154,2024,Office for National Statistics
E01028780,,2480,2024,Office for National Statistics
E01028781,,1933,2024,Office for National Statistics
E01028782,,1437,2024,Office for National Statistics
E01028783,,1619,2024,Office for National Statistics
E01028784,,3037,2024,Office for National Statistics
E01028785,,1567,2024,Office for National Statistics
E01028786,,1526,2024,Office for National Statistics
E01028787,,1664,2024,Office for National Statistics
E01028788,,2033,2024,Office for National Statistics
E01028789,,2090,2024,Office for National Statistics
E01028790,,1692,2024,Office for National Statistics
E01028791,,1657,2024,Office for National Statistics
E01028792,,1137,2024,Office for National Statistics
E01028793,,1621,2024,Office for National Statistics
E01028794,,1635,2024,Office for National Statistics
E01028795,,1633,2024,Office for National Statistics
E01028796,,1401,2024,Office for National Statistics
E01028797,,1189,2024,Office for National Statistics
E01028798,,2356,2024,Office for National Statistics
E01028799,,2313,2024,Office for National Statistics
E01028800,,1704,2024,Office for National Statistics
E01028801,,1560,2024,Office for National Statistics
E01028802,,1634,2024,Office for National Statistics
E01028804,,1432,2024,Office for National Statistics
E01028806,,1919,2024,Office for National Statistics
E01028807,,2270,2024,Office for National Statistics
E01028808,,2698,2024,Office for National Statistics
E01028809,,1397,2024,Office for National Statistics
E01028810,,1325,2024,Office for National Statistics
E01028811,,1395,2024,Office for National Statistics
E01028813,,1297,2024,Office for National Statistics
E01028814,,1400,2024,Office for National Statistics
E01028815,,1199,2024,Office for National Statistics
E01028816,,1323,2024,Office for National Statistics
E01028817,,1409,2024,Office for National Statistics
E01028818,,1725,2024,Office for National Statistics
E01028819,,1931,2024,Office for National Statistics
E01028820,,4115,2024,Office for National Statistics
E01028821,,1387,2024,Office for National Statistics
E01028822,,1480,2024,Office for National Statistics
E01028823,,1340,2024,Office for National Statistics
E01028824,,1903,2024,Office for National Statistics
E01028825,,1711,2024,Office for National Statistics
E01032554,,2375,2024,Office for National Statistics
E01032555,,1911,2024,Office for National Statistics
E01032609,,1358,2024,Office for National Statistics
E01032610,,1571,2024,Office for National Statistics
E01032724,,1996,2024,Office for National Statistics
E01032726,,1814,2024,Office for National Statistics
E01032728,,2046,2024,Office for National Statistics
E01032729,,2101,2024,Office for National Statistics
E01032730,,2284,2024,Office for National Statistics
E01032731,,1538,2024,Office for National Statistics
E01032732,,1800,2024,Office for National Statistics
E01032733,,1712,2024,Office for National Statistics
E01032734,,1977,2024,Office for National Statistics
E01032759,,2496,2024,Office for National Statistics
E01032941,,1552,2024,Office for National Statistics
E01032942,,1675,2024,Office for National Statistics
E01032943,,2466,2024,Office for National Statistics
E01032944,,1380,2024,Office for National Statistics
E01032947,,1897,2024,Office for National Statistics
E01032948,,1953,2024,Office for National Statistics
E01032949,,1411,2024,Office for National Statistics
E01032950,,1759,2024,Office for National Statistics
E01032951,,1985,2024,Office for National Statistics
E01032952,,1415,2024,Office for National Statistics
E01032953,,2525,2024,Office for National Statistics
E01032955,,1401,2024,Office for National Statistics
E01032956,,1596,2024,Office for National Statistics
E01032957,,1304,2024,Office for National Statistics
E01032958,,1561,2024,Office for National Statistics
E01032961,,1747,2024,Office for National Statistics
E01032962,,1446,2024,Office for National Statistics
E01033305,,1282,2024,Office for National Statistics
E01033306,,1805,2024,Office for National Statistics
E01033415,,3091,2024,Office for National Statistics
E01033417,,1154,2024,Office for National Statistics
E01033418,,2124,2024,Office for National Statistics
E01033420,,1412,2024,Office for National Statistics
E01033421,,2417,2024,Office for National Statistics
E01033422,,1497,2024,Office for National Statistics
E01033423,,2046,2024,Office for National Statistics
E01033497,,2163,2024,Office for National Statistics
E01033498,,2006,2024,Office for National Statistics
E01033499,,2633,2024,Office for National Statistics
E01033500,,2521,2024,Office for National Statistics
E01033501,,2245,2024,Office for National Statistics
E01033503,,2682,2024,Office for National Statistics
E01033506,,2191,2024,Office for National Statistics
E01033508,,2875,2024,Office for National Statistics
E01033511,,1953,2024,Office for National Statistics
E01033514,,1740,2024,Office for National Statistics
E01033515,,1964,2024,Office for National Statistics
E01033517,,1537,2024,Office for National Statistics
E01033519,,4215,2024,Office for National Statistics
E01033520,,1823,2024,Office for National Statistics
E01033522,,2153,2024,Office for National Statistics
E01033523,,1478,2024,Office for National Statistics
E01033814,,1978,2024,Office for National Statistics
E01033838,,1667,2024,Office for National Statistics
E01033839,,1916,2024,Office for National Statistics
E01033851,,3331,2024,Office for National Statistics
E01033852,,1546,2024,Office for National Statistics
E01033853,,1875,2024,Office for National Statistics
E01033854,,2409,2024,Office for National Statistics
E01033855,,1372,2024,Office for National Statistics
E01033856,,1166,2024,Office for National Statistics
E01033857,,2243,2024,Office for National Statistics
E01033858,,2371,2024,Office for National Statistics
E01033859,,1473,2024,Office for National Statistics
E01033951,,1469,2024,Office for National Statistics
E01033952,,1442,2024,Office for National Statistics
E01033953,,1717,2024,Office for National Statistics
E01033954,,1635,2024,Office for National Statistics
E01033955,,2995,2024,Office for National Statistics
E01033956,,1687,2024,Office for National Statistics
E01033957,,1706,2024,Office for National Statistics
E01033958,,1615,2024,Office for National Statistics
E01033959,,1503,2024,Office for National Statistics
E01033960,,2962,2024,Office for National Statistics
E01033961,,1940,2024,Office for National Statistics
E01033962,,1778,2024,Office for National Statistics
E01033963,,1642,2024,Office for National Statistics
E01033964,,1745,2024,Office for National Statistics
E01033965,,1613,2024,Office for National Statistics
E01033966,,2906,2024,Office for National Statistics
E01033967,,1517,2024,Office for National Statistics
E01033968,,1906,2024,Office for National Statistics
E01033969,,1536,2024,Office for National Statistics
E01033970,,1573,2024,Office for National Statistics
E01033971,,1855,2024,Office for National Statistics
E01033972,,1978,2024,Office for National Statistics
E01033973,,1275,2024,Office for National Statistics
E01033974,,1784,2024,Office for National Statistics
E01033975,,1411,2024,Office for National Statistics
E01034446,,1653,2024,Office for National Statistics
E01034447,,1255,2024,Office for National Statistics
E01034448,,1703,2024,Office for National Statistics
E01034449,,2363,2024,Office for National Statistics
E01034450,,1710,2024,Office for National Statistics
E01034451,,6816,2024,Office for National Statistics
E01034452,,2389,2024,Office for National Statistics
E01034453,,2549,2024,Office for National Statistics
E01034454,,1897,2024,Office for National Statistics
E01034455,,2239,2024,Office for National Statistics
E01034456,,1923,2024,Office for National Statistics
E01034457,,2334,2024,Office for National Statistics
E01034458,,2683,2024,Office for National Statistics
E01034459,,2045,2024,Office for National Statistics
E01034460,,2301,2024,Office for National Statistics
E01034461,,1855,2024,Office for National Statistics
E01034462,,1354,2024,Office for National Statistics
E01034463,,2422,2024,Office for National Statistics
E01034464,,2108,2024,Office for National Statistics
E01034465,,1963,2024,Office for National Statistics
E01034466,,3684,2024,Office for National Statistics
E01034467,,2168,2024,Office for National Statistics
E01034468,,1114,2024,Office for National Statistics
E01034751,,1540,2024,Office for National Statistics
E01035234,,1160,2024,Office for National Statistics
E01035235,,1808,2024,Office for National Statistics
E01035236,,2243,2024,Office for National Statistics
E01035237,,1984,2024,Office for National Statistics
E01035238,,1435,2024,Office for National Statistics
E01035239,,1119,2024,Office for National Statistics
E01035240,,1826,2024,Office for National Statistics
E01035241,,1462,2024,Office for National Statistics
E01035242,,2240,2024,Office for National Statistics
E01035243,,1851,2024,Office for National Statistics
E01035244,,1401,2024,Office for National Statistics
E01035245,,1705,2024,Office for National Statistics
E01035246,,1868,2024,Office for National Statistics
E01035247,,2019,2024,Office for National Statistics
E01035248,,1750,2024,Office for National Statistics
E01035249,,1368,2024,Office for National Statistics
E01035250,,1837,2024,Office for National Statistics
E01035251,,2772,2024,Office for National Statistics
E01035252,,1538,2024,Office for National Statistics
E01035253,,1752,2024,Office for National Statistics
E01035254,,2057,2024,Office for National Statistics
E01035255,,1122,2024,Office for National Statistics
E01035256,,2565,2024,Office for National Statistics
E01035257,,2941,2024,Office for National Statistics
E01035258,,1428,2024,Office for National Statistics
E01035259,,1879,2024,Office for National Statistics
E01035260,,2440,2024,Office for National Statistics
E01035261,,2143,2024,Office for National Statistics
E01035262,,1993,2024,Office for National Statistics
E01035263,,1967,2024,Office for National Statistics
E01035264,,1908,2024,Office for National Statistics
E01035265,,3035,2024,Office for National Statistics
E01035266,,1758,2024,Office for National Statistics
E01035267,,1669,2024,Office for National Statistics
E01035268,,1439,2024,Office for National Statistics
E01035269,,4043,2024,Office for National Statistics
E01035565,,3223,2024,Office for National Statistics
E01035723,,1243,2024,Office for National Statistics
E01035724,,2759,2024,Office for National Statistics
E01035725,,1581,2024,Office for National Statistics
E01035726,,1758,2024,Office for National Statistics
E01035727,,1930,2024,Office for National Statistics
E01035728,,1929,2024,Office for National Statistics
E01035729,,1660,2024,Office for National Statistics
E01035730,,2111,2024,Office for National Statistics
E01035731,,1600,2024,Office for National Statistics
E01035733,,2388,2024,Office for National Statistics
E01035734,,1374,2024,Office for National Statistics
E01035735,,1815,2024,Office for National Statistics
E01035736,,1677,2024,Office for National Statistics
E01035737,,3079,2024,Office for National Statistics
E01035738,,1843,2024,Office for National Statistics
E01035739,,1826,2024,Office for National Statistics
E01035740,,2741,2024,Office for National Statistics
E01035741,,2394,2024,Office for National Statistics
E01035742,,2311,2024,Office for National Statistics
E01035743,,1652,2024,Office for National Statistics
E01035744,,1408,2024,Office for National Statistics
E01035745,,2089,2024,Office for National Statistics
E01035746,,2017,2024,Office for National Statistics
E01035747,,1436,2024,Office for National Statistics
E01035748,,2143,2024,Office for National Statistics
E01035749,,3424,2024,Office for National Statistics
E01035750,,1222,2024,Office for National Statistics
E01035751,,1888,2024,Office for National Statistics
E01035752,,1599,2024,Office for National Statistics
E01035753,,2467,2024,Office for National Statistics
E01035754,,2095,2024,Office for National Statistics
E01035755,,1663,2024,Office for National Statistics
E01035756,,1616,2024,Office for National Statistics
E01035757,,1253,2024,Office for National Statistics
E01035758,,1216,2024,Office for National Statistics
E01035759,,1592,2024,Office for National Statistics
E01035760,,1827,2024,Office for National Statistics
E01035761,,1955,2024,Office for National Statistics
E01035762,,1560,2024,Office for National Statistics
