id,label,job_title,department_id,location_id,email,hire_date,grade,status
EMP-0001,سعود العمري,مدير إدارة,DEP-001,LOC-001,employee0001@example.sa,2012-02-07,التاسعة,على رأس العمل
EMP-0002,إبراهيم السعدي,مدير إدارة,DEP-002,LOC-002,employee0002@example.sa,2012-03-15,العاشرة,على رأس العمل
EMP-0003,سارة السبيعي,مدير إدارة,DEP-003,LOC-003,employee0003@example.sa,2012-04-21,السادسة,على رأس العمل
EMP-0004,عبير التميمي,مدير إدارة,DEP-004,LOC-004,employee0004@example.sa,2012-05-28,الحادية عشرة,على رأس العمل
EMP-0005,غادة المطيري,مدير إدارة,DEP-005,LOC-005,employee0005@example.sa,2012-07-04,التاسعة,على رأس العمل
EMP-0006,عبدالله الجهني,مدير إدارة,DEP-006,LOC-006,employee0006@example.sa,2012-08-10,التاسعة,على رأس العمل
EMP-0007,ياسر الغامدي,مدير إدارة,DEP-007,LOC-007,employee0007@example.sa,2012-09-16,السابعة,على رأس العمل
EMP-0008,طارق البلوي,مدير إدارة,DEP-008,LOC-008,employee0008@example.sa,2012-10-23,الحادية عشرة,على رأس العمل
EMP-0009,لينا الحربي,مدير إدارة,DEP-009,LOC-009,employee0009@example.sa,2012-11-29,التاسعة,على رأس العمل
EMP-0010,لطيفة الهاجري,مدير إدارة,DEP-010,LOC-010,employee0010@example.sa,2013-01-05,السابعة,على رأس العمل
EMP-0011,فاطمة القحطاني,مدير إدارة,DEP-011,LOC-011,employee0011@example.sa,2013-02-11,العاشرة,على رأس العمل
EMP-0012,سلمان الشهري,مدير إدارة,DEP-012,LOC-012,employee0012@example.sa,2013-03-20,الثامنة,على رأس العمل
EMP-0013,علي العبيدي,مدير إدارة,DEP-013,LOC-001,employee0013@example.sa,2013-04-26,السادسة,على رأس العمل
EMP-0014,وليد المالكي,مدير إدارة,DEP-014,LOC-002,employee0014@example.sa,2013-06-02,السابعة,على رأس العمل
EMP-0015,أمل الخالدي,مدير إدارة,DEP-015,LOC-003,employee0015@example.sa,2013-07-09,العاشرة,على رأس العمل
EMP-0016,شهد العنزي,مدير إدارة,DEP-016,LOC-004,employee0016@example.sa,2013-08-15,العاشرة,على رأس العمل
EMP-0017,روان السلمي,مدير إدارة,DEP-017,LOC-005,employee0017@example.sa,2013-09-21,الثامنة,على رأس العمل
EMP-0018,تركي الزهراني,مدير إدارة,DEP-018,LOC-006,employee0018@example.sa,2013-10-28,الثامنة,على رأس العمل
EMP-0019,حسين اليامي,مدير إدارة,DEP-019,LOC-007,employee0019@example.sa,2013-12-04,السابعة,على رأس العمل
EMP-0020,نورة الشمري,مدير إدارة,DEP-020,LOC-008,employee0020@example.sa,2014-01-10,الحادية عشرة,على رأس العمل
EMP-0021,هدى الرشيدي,مدير إدارة,DEP-021,LOC-009,employee0021@example.sa,2014-02-16,الحادية عشرة,على رأس العمل
EMP-0022,رنا الدوسري,مدير إدارة,DEP-022,LOC-010,employee0022@example.sa,2014-03-25,الثامنة,على رأس العمل
EMP-0023,أحمد القرني,مدير إدارة,DEP-023,LOC-011,employee0023@example.sa,2014-05-01,الحادية عشرة,على رأس العمل
EMP-0024,ناصر العتيبي,مدير إدارة,DEP-024,LOC-012,employee0024@example.sa,2014-06-07,السابعة,على رأس العمل
EMP-0025,مصطفى العمري,مدير إدارة,DEP-025,LOC-001,employee0025@example.sa,2014-07-14,السابعة,على رأس العمل
EMP-0026,ريم السعدي,مدير إدارة,DEP-026,LOC-002,employee0026@example.sa,2014-08-20,التاسعة,على رأس العمل
EMP-0027,دانة السبيعي,مدير إدارة,DEP-027,LOC-003,employee0027@example.sa,2014-09-26,الثامنة,على رأس العمل
EMP-0028,عائشة التميمي,مدير إدارة,DEP-028,LOC-004,employee0028@example.sa,2014-11-02,العاشرة,على رأس العمل
EMP-0029,خالد المطيري,مدير إدارة,DEP-029,LOC-005,employee0029@example.sa,2014-12-09,السابعة,إجازة طويلة
EMP-0030,عمر الجهني,مدير إدارة,DEP-030,LOC-006,employee0030@example.sa,2015-01-15,الثامنة,على رأس العمل
EMP-0031,زياد الغامدي,مدير إدارة,DEP-031,LOC-007,employee0031@example.sa,2015-02-21,الحادية عشرة,على رأس العمل
EMP-0032,هند البلوي,مدير إدارة,DEP-032,LOC-008,employee0032@example.sa,2015-03-30,السابعة,على رأس العمل
EMP-0033,مها الحربي,مدير إدارة,DEP-033,LOC-009,employee0033@example.sa,2015-05-06,السادسة,على رأس العمل
EMP-0034,مريم الهاجري,مدير إدارة,DEP-034,LOC-010,employee0034@example.sa,2015-06-12,الحادية عشرة,على رأس العمل
EMP-0035,فهد القحطاني,مدير إدارة,DEP-035,LOC-011,employee0035@example.sa,2015-07-19,العاشرة,على رأس العمل
EMP-0036,حسن الشهري,مدير إدارة,DEP-036,LOC-012,employee0036@example.sa,2015-08-25,السادسة,على رأس العمل
EMP-0037,مازن العبيدي,مدير إدارة,DEP-037,LOC-001,employee0037@example.sa,2015-10-01,الثامنة,على رأس العمل
EMP-0038,منى المالكي,مدير إدارة,DEP-038,LOC-002,employee0038@example.sa,2015-11-07,الثامنة,على رأس العمل
EMP-0039,الجوهرة الخالدي,مدير إدارة,DEP-039,LOC-003,employee0039@example.sa,2015-12-14,التاسعة,على رأس العمل
EMP-0040,محمد العنزي,مدير إدارة,DEP-040,LOC-004,employee0040@example.sa,2016-01-20,التاسعة,على رأس العمل
EMP-0041,سعود السلمي,مدير إدارة,DEP-041,LOC-005,employee0041@example.sa,2016-02-26,السادسة,على رأس العمل
EMP-0042,إبراهيم الزهراني,مدير إدارة,DEP-042,LOC-006,employee0042@example.sa,2016-04-03,الحادية عشرة,على رأس العمل
EMP-0043,سارة اليامي,مدير إدارة,DEP-043,LOC-007,employee0043@example.sa,2016-05-10,الحادية عشرة,على رأس العمل
EMP-0044,عبير الشمري,مدير إدارة,DEP-044,LOC-008,employee0044@example.sa,2016-06-16,الحادية عشرة,على رأس العمل
EMP-0045,غادة الرشيدي,مدير إدارة,DEP-045,LOC-009,employee0045@example.sa,2016-07-23,السادسة,على رأس العمل
EMP-0046,عبدالله الدوسري,مدير إدارة,DEP-046,LOC-010,employee0046@example.sa,2016-08-29,الثامنة,على رأس العمل
EMP-0047,ياسر القرني,مدير إدارة,DEP-047,LOC-011,employee0047@example.sa,2016-10-05,العاشرة,على رأس العمل
EMP-0048,طارق العتيبي,مدير إدارة,DEP-048,LOC-012,employee0048@example.sa,2016-11-11,التاسعة,على رأس العمل
EMP-0049,لينا العمري,مدير إدارة,DEP-049,LOC-001,employee0049@example.sa,2016-12-18,العاشرة,على رأس العمل
EMP-0050,لطيفة السعدي,مدير إدارة,DEP-050,LOC-002,employee0050@example.sa,2017-01-24,السادسة,على رأس العمل
EMP-0051,فاطمة السبيعي,خبير,DEP-001,LOC-001,employee0051@example.sa,2017-03-02,السادسة,على رأس العمل
EMP-0052,سلمان التميمي,مهندس,DEP-002,LOC-002,employee0052@example.sa,2017-04-08,السابعة,على رأس العمل
EMP-0053,علي المطيري,مهندس,DEP-003,LOC-003,employee0053@example.sa,2017-05-15,التاسعة,على رأس العمل
EMP-0054,وليد الجهني,رئيس فريق,DEP-004,LOC-004,employee0054@example.sa,2017-06-21,الحادية عشرة,على رأس العمل
EMP-0055,أمل الغامدي,أخصائي أول,DEP-005,LOC-005,employee0055@example.sa,2017-07-28,العاشرة,على رأس العمل
EMP-0056,شهد البلوي,محلل,DEP-006,LOC-006,employee0056@example.sa,2017-09-03,السادسة,على رأس العمل
EMP-0057,روان الحربي,باحث,DEP-007,LOC-007,employee0057@example.sa,2017-10-10,الثامنة,على رأس العمل
EMP-0058,تركي الهاجري,مدير منتج,DEP-008,LOC-008,employee0058@example.sa,2017-11-16,التاسعة,إجازة طويلة
EMP-0059,حسين القحطاني,رئيس فريق,DEP-009,LOC-009,employee0059@example.sa,2017-12-23,الثامنة,على رأس العمل
EMP-0060,نورة الشهري,مشرف,DEP-010,LOC-010,employee0060@example.sa,2018-01-29,العاشرة,على رأس العمل
EMP-0061,هدى العبيدي,أخصائي أول,DEP-011,LOC-011,employee0061@example.sa,2018-03-07,العاشرة,على رأس العمل
EMP-0062,رنا المالكي,أخصائي,DEP-012,LOC-012,employee0062@example.sa,2018-04-13,الحادية عشرة,على رأس العمل
EMP-0063,أحمد الخالدي,رئيس فريق,DEP-013,LOC-001,employee0063@example.sa,2018-05-20,الثامنة,على رأس العمل
EMP-0064,ناصر العنزي,باحث,DEP-014,LOC-002,employee0064@example.sa,2018-06-26,السابعة,على رأس العمل
EMP-0065,مصطفى السلمي,أخصائي أول,DEP-015,LOC-003,employee0065@example.sa,2018-08-02,الحادية عشرة,على رأس العمل
EMP-0066,ريم الزهراني,أخصائي,DEP-016,LOC-004,employee0066@example.sa,2018-09-08,السابعة,على رأس العمل
EMP-0067,دانة اليامي,مدير مشروع,DEP-017,LOC-005,employee0067@example.sa,2018-10-15,السادسة,على رأس العمل
EMP-0068,عائشة الشمري,مشرف,DEP-018,LOC-006,employee0068@example.sa,2018-11-21,الثامنة,على رأس العمل
EMP-0069,خالد الرشيدي,أخصائي,DEP-019,LOC-007,employee0069@example.sa,2018-12-28,التاسعة,على رأس العمل
EMP-0070,عمر الدوسري,مهندس أول,DEP-020,LOC-008,employee0070@example.sa,2019-02-03,السابعة,على رأس العمل
EMP-0071,زياد القرني,خبير,DEP-021,LOC-009,employee0071@example.sa,2019-03-12,السابعة,على رأس العمل
EMP-0072,هند العتيبي,مدير منتج,DEP-022,LOC-010,employee0072@example.sa,2019-04-18,الثامنة,على رأس العمل
EMP-0073,مها العمري,منسق,DEP-023,LOC-011,employee0073@example.sa,2019-05-25,السادسة,على رأس العمل
EMP-0074,مريم السعدي,منسق,DEP-024,LOC-012,employee0074@example.sa,2019-07-01,الحادية عشرة,على رأس العمل
EMP-0075,فهد السبيعي,أخصائي,DEP-025,LOC-001,employee0075@example.sa,2019-08-07,السابعة,على رأس العمل
EMP-0076,حسن التميمي,مستشار,DEP-026,LOC-002,employee0076@example.sa,2019-09-13,الثامنة,على رأس العمل
EMP-0077,مازن المطيري,مستشار,DEP-027,LOC-003,employee0077@example.sa,2019-10-20,الحادية عشرة,على رأس العمل
EMP-0078,منى الجهني,مدير مشروع,DEP-028,LOC-004,employee0078@example.sa,2019-11-26,السادسة,على رأس العمل
EMP-0079,الجوهرة الغامدي,رئيس فريق,DEP-029,LOC-005,employee0079@example.sa,2020-01-02,الثامنة,على رأس العمل
EMP-0080,محمد البلوي,أخصائي أول,DEP-030,LOC-006,employee0080@example.sa,2020-02-08,السابعة,على رأس العمل
EMP-0081,سعود الحربي,أخصائي أول,DEP-031,LOC-007,employee0081@example.sa,2020-03-16,التاسعة,على رأس العمل
EMP-0082,إبراهيم الهاجري,باحث,DEP-032,LOC-008,employee0082@example.sa,2020-04-22,الثامنة,على رأس العمل
EMP-0083,سارة القحطاني,باحث,DEP-033,LOC-009,employee0083@example.sa,2020-05-29,السادسة,على رأس العمل
EMP-0084,عبير الشهري,مدير مشروع,DEP-034,LOC-010,employee0084@example.sa,2020-07-05,الثامنة,على رأس العمل
EMP-0085,غادة العبيدي,محلل أول,DEP-035,LOC-011,employee0085@example.sa,2020-08-11,الثامنة,على رأس العمل
EMP-0086,عبدالله المالكي,محلل أول,DEP-036,LOC-012,employee0086@example.sa,2020-09-17,الحادية عشرة,على رأس العمل
EMP-0087,ياسر الخالدي,باحث,DEP-037,LOC-001,employee0087@example.sa,2020-10-24,الثامنة,إجازة طويلة
EMP-0088,طارق العنزي,باحث,DEP-038,LOC-002,employee0088@example.sa,2020-11-30,الثامنة,على رأس العمل
EMP-0089,لينا السلمي,أخصائي أول,DEP-039,LOC-003,employee0089@example.sa,2021-01-06,الحادية عشرة,على رأس العمل
EMP-0090,لطيفة الزهراني,مهندس أول,DEP-040,LOC-004,employee0090@example.sa,2021-02-12,العاشرة,على رأس العمل
EMP-0091,فاطمة اليامي,خبير,DEP-041,LOC-005,employee0091@example.sa,2021-03-21,التاسعة,على رأس العمل
EMP-0092,سلمان الشمري,مهندس أول,DEP-042,LOC-006,employee0092@example.sa,2021-04-27,العاشرة,على رأس العمل
EMP-0093,علي الرشيدي,باحث,DEP-043,LOC-007,employee0093@example.sa,2021-06-03,السابعة,على رأس العمل
EMP-0094,وليد الدوسري,مدير منتج,DEP-044,LOC-008,employee0094@example.sa,2021-07-10,الثامنة,على رأس العمل
EMP-0095,أمل القرني,مهندس أول,DEP-045,LOC-009,employee0095@example.sa,2021-08-16,العاشرة,على رأس العمل
EMP-0096,شهد العتيبي,مدير مشروع,DEP-046,LOC-010,employee0096@example.sa,2021-09-22,السابعة,على رأس العمل
EMP-0097,روان العمري,مهندس أول,DEP-047,LOC-011,employee0097@example.sa,2021-10-29,التاسعة,على رأس العمل
EMP-0098,تركي السعدي,مهندس,DEP-048,LOC-012,employee0098@example.sa,2021-12-05,التاسعة,على رأس العمل
EMP-0099,حسين السبيعي,مدير منتج,DEP-049,LOC-001,employee0099@example.sa,2022-01-11,الحادية عشرة,على رأس العمل
EMP-0100,نورة التميمي,مدير منتج,DEP-050,LOC-002,employee0100@example.sa,2022-02-17,السادسة,على رأس العمل
EMP-0101,هدى المطيري,خبير,DEP-001,LOC-001,employee0101@example.sa,2022-03-26,الثامنة,على رأس العمل
EMP-0102,رنا الجهني,محلل,DEP-002,LOC-002,employee0102@example.sa,2022-05-02,التاسعة,على رأس العمل
EMP-0103,أحمد الغامدي,مدير منتج,DEP-003,LOC-003,employee0103@example.sa,2022-06-08,العاشرة,على رأس العمل
EMP-0104,ناصر البلوي,مدير منتج,DEP-004,LOC-004,employee0104@example.sa,2022-07-15,الثامنة,على رأس العمل
EMP-0105,مصطفى الحربي,أخصائي أول,DEP-005,LOC-005,employee0105@example.sa,2022-08-21,العاشرة,على رأس العمل
EMP-0106,ريم الهاجري,مدير مشروع,DEP-006,LOC-006,employee0106@example.sa,2022-09-27,العاشرة,على رأس العمل
EMP-0107,دانة القحطاني,مستشار,DEP-007,LOC-007,employee0107@example.sa,2022-11-03,الحادية عشرة,على رأس العمل
EMP-0108,عائشة الشهري,أخصائي,DEP-008,LOC-008,employee0108@example.sa,2022-12-10,الحادية عشرة,على رأس العمل
EMP-0109,خالد العبيدي,رئيس فريق,DEP-009,LOC-009,employee0109@example.sa,2023-01-16,الحادية عشرة,على رأس العمل
EMP-0110,عمر المالكي,مهندس أول,DEP-010,LOC-010,employee0110@example.sa,2023-02-22,السادسة,على رأس العمل
EMP-0111,زياد الخالدي,منسق,DEP-011,LOC-011,employee0111@example.sa,2023-03-31,التاسعة,على رأس العمل
EMP-0112,هند العنزي,أخصائي أول,DEP-012,LOC-012,employee0112@example.sa,2023-05-07,التاسعة,على رأس العمل
EMP-0113,مها السلمي,مدير منتج,DEP-013,LOC-001,employee0113@example.sa,2023-06-13,العاشرة,على رأس العمل
EMP-0114,مريم الزهراني,أخصائي,DEP-014,LOC-002,employee0114@example.sa,2023-07-20,السادسة,على رأس العمل
EMP-0115,فهد اليامي,مدير مشروع,DEP-015,LOC-003,employee0115@example.sa,2023-08-26,التاسعة,على رأس العمل
EMP-0116,حسن الشمري,منسق,DEP-016,LOC-004,employee0116@example.sa,2023-10-02,العاشرة,إجازة طويلة
EMP-0117,مازن الرشيدي,مدير منتج,DEP-017,LOC-005,employee0117@example.sa,2023-11-08,الحادية عشرة,على رأس العمل
EMP-0118,منى الدوسري,مشرف,DEP-018,LOC-006,employee0118@example.sa,2023-12-15,الحادية عشرة,على رأس العمل
EMP-0119,الجوهرة القرني,منسق,DEP-019,LOC-007,employee0119@example.sa,2024-01-21,الحادية عشرة,على رأس العمل
EMP-0120,محمد العتيبي,باحث,DEP-020,LOC-008,employee0120@example.sa,2024-02-27,الحادية عشرة,على رأس العمل
EMP-0121,سعود العمري,أخصائي أول,DEP-021,LOC-009,employee0121@example.sa,2024-04-04,الحادية عشرة,على رأس العمل
EMP-0122,إبراهيم السعدي,محلل,DEP-022,LOC-010,employee0122@example.sa,2024-05-11,التاسعة,على رأس العمل
EMP-0123,سارة السبيعي,مدير منتج,DEP-023,LOC-011,employee0123@example.sa,2024-06-17,العاشرة,على رأس العمل
EMP-0124,عبير التميمي,مستشار,DEP-024,LOC-012,employee0124@example.sa,2024-07-24,الحادية عشرة,على رأس العمل
EMP-0125,غادة المطيري,خبير,DEP-025,LOC-001,employee0125@example.sa,2024-08-30,التاسعة,على رأس العمل
EMP-0126,عبدالله الجهني,محلل,DEP-026,LOC-002,employee0126@example.sa,2024-10-06,الثامنة,على رأس العمل
EMP-0127,ياسر الغامدي,أخصائي أول,DEP-027,LOC-003,employee0127@example.sa,2024-11-12,العاشرة,على رأس العمل
EMP-0128,طارق البلوي,خبير,DEP-028,LOC-004,employee0128@example.sa,2024-12-19,السادسة,على رأس العمل
EMP-0129,لينا الحربي,مدير مشروع,DEP-029,LOC-005,employee0129@example.sa,2025-01-25,السادسة,على رأس العمل
EMP-0130,لطيفة الهاجري,محلل أول,DEP-030,LOC-006,employee0130@example.sa,2012-01-11,التاسعة,على رأس العمل
EMP-0131,فاطمة القحطاني,مدير منتج,DEP-031,LOC-007,employee0131@example.sa,2012-02-17,الثامنة,على رأس العمل
EMP-0132,سلمان الشهري,مدير منتج,DEP-032,LOC-008,employee0132@example.sa,2012-03-25,العاشرة,على رأس العمل
EMP-0133,علي العبيدي,مشرف,DEP-033,LOC-009,employee0133@example.sa,2012-05-01,السابعة,على رأس العمل
EMP-0134,وليد المالكي,رئيس فريق,DEP-034,LOC-010,employee0134@example.sa,2012-06-07,السادسة,على رأس العمل
EMP-0135,أمل الخالدي,مدير مشروع,DEP-035,LOC-011,employee0135@example.sa,2012-07-14,السادسة,على رأس العمل
EMP-0136,شهد العنزي,أخصائي أول,DEP-036,LOC-012,employee0136@example.sa,2012-08-20,التاسعة,على رأس العمل
EMP-0137,روان السلمي,منسق,DEP-037,LOC-001,employee0137@example.sa,2012-09-26,العاشرة,على رأس العمل
EMP-0138,تركي الزهراني,مهندس أول,DEP-038,LOC-002,employee0138@example.sa,2012-11-02,العاشرة,على رأس العمل
EMP-0139,حسين اليامي,أخصائي,DEP-039,LOC-003,employee0139@example.sa,2012-12-09,العاشرة,على رأس العمل
EMP-0140,نورة الشمري,مهندس,DEP-040,LOC-004,employee0140@example.sa,2013-01-15,التاسعة,على رأس العمل
EMP-0141,هدى الرشيدي,محلل,DEP-041,LOC-005,employee0141@example.sa,2013-02-21,السادسة,على رأس العمل
EMP-0142,رنا الدوسري,مدير مشروع,DEP-042,LOC-006,employee0142@example.sa,2013-03-30,التاسعة,على رأس العمل
EMP-0143,أحمد القرني,محلل أول,DEP-043,LOC-007,employee0143@example.sa,2013-05-06,السادسة,على رأس العمل
EMP-0144,ناصر العتيبي,مدير منتج,DEP-044,LOC-008,employee0144@example.sa,2013-06-12,السابعة,على رأس العمل
EMP-0145,مصطفى العمري,أخصائي,DEP-045,LOC-009,employee0145@example.sa,2013-07-19,السادسة,إجازة طويلة
EMP-0146,ريم السعدي,منسق,DEP-046,LOC-010,employee0146@example.sa,2013-08-25,التاسعة,على رأس العمل
EMP-0147,دانة السبيعي,مهندس,DEP-047,LOC-011,employee0147@example.sa,2013-10-01,الثامنة,على رأس العمل
EMP-0148,عائشة التميمي,مهندس,DEP-048,LOC-012,employee0148@example.sa,2013-11-07,الحادية عشرة,على رأس العمل
EMP-0149,خالد المطيري,منسق,DEP-049,LOC-001,employee0149@example.sa,2013-12-14,الثامنة,على رأس العمل
EMP-0150,عمر الجهني,محلل أول,DEP-050,LOC-002,employee0150@example.sa,2014-01-20,السابعة,على رأس العمل
EMP-0151,زياد الغامدي,محلل,DEP-001,LOC-001,employee0151@example.sa,2014-02-26,العاشرة,على رأس العمل
EMP-0152,هند البلوي,مشرف,DEP-002,LOC-002,employee0152@example.sa,2014-04-04,الثامنة,على رأس العمل
EMP-0153,مها الحربي,مهندس أول,DEP-003,LOC-003,employee0153@example.sa,2014-05-11,العاشرة,على رأس العمل
EMP-0154,مريم الهاجري,مهندس أول,DEP-004,LOC-004,employee0154@example.sa,2014-06-17,الثامنة,على رأس العمل
EMP-0155,فهد القحطاني,محلل,DEP-005,LOC-005,employee0155@example.sa,2014-07-24,الثامنة,على رأس العمل
EMP-0156,حسن الشهري,مدير منتج,DEP-006,LOC-006,employee0156@example.sa,2014-08-30,الثامنة,على رأس العمل
EMP-0157,مازن العبيدي,مهندس,DEP-007,LOC-007,employee0157@example.sa,2014-10-06,السابعة,على رأس العمل
EMP-0158,منى المالكي,أخصائي أول,DEP-008,LOC-008,employee0158@example.sa,2014-11-12,السادسة,على رأس العمل
EMP-0159,الجوهرة الخالدي,مهندس أول,DEP-009,LOC-009,employee0159@example.sa,2014-12-19,السادسة,على رأس العمل
EMP-0160,محمد العنزي,أخصائي,DEP-010,LOC-010,employee0160@example.sa,2015-01-25,السابعة,على رأس العمل
EMP-0161,سعود السلمي,مهندس,DEP-011,LOC-011,employee0161@example.sa,2015-03-03,التاسعة,على رأس العمل
EMP-0162,إبراهيم الزهراني,مشرف,DEP-012,LOC-012,employee0162@example.sa,2015-04-09,الحادية عشرة,على رأس العمل
EMP-0163,سارة اليامي,خبير,DEP-013,LOC-001,employee0163@example.sa,2015-05-16,الثامنة,على رأس العمل
EMP-0164,عبير الشمري,رئيس فريق,DEP-014,LOC-002,employee0164@example.sa,2015-06-22,التاسعة,على رأس العمل
EMP-0165,غادة الرشيدي,محلل أول,DEP-015,LOC-003,employee0165@example.sa,2015-07-29,الحادية عشرة,على رأس العمل
EMP-0166,عبدالله الدوسري,باحث,DEP-016,LOC-004,employee0166@example.sa,2015-09-04,الثامنة,على رأس العمل
EMP-0167,ياسر القرني,مستشار,DEP-017,LOC-005,employee0167@example.sa,2015-10-11,الثامنة,على رأس العمل
EMP-0168,طارق العتيبي,أخصائي أول,DEP-018,LOC-006,employee0168@example.sa,2015-11-17,السادسة,على رأس العمل
EMP-0169,لينا العمري,رئيس فريق,DEP-019,LOC-007,employee0169@example.sa,2015-12-24,التاسعة,على رأس العمل
EMP-0170,لطيفة السعدي,مدير مشروع,DEP-020,LOC-008,employee0170@example.sa,2016-01-30,الثامنة,على رأس العمل
EMP-0171,فاطمة السبيعي,مدير منتج,DEP-021,LOC-009,employee0171@example.sa,2016-03-07,السابعة,على رأس العمل
EMP-0172,سلمان التميمي,رئيس فريق,DEP-022,LOC-010,employee0172@example.sa,2016-04-13,الثامنة,على رأس العمل
EMP-0173,علي المطيري,مدير مشروع,DEP-023,LOC-011,employee0173@example.sa,2016-05-20,التاسعة,على رأس العمل
EMP-0174,وليد الجهني,رئيس فريق,DEP-024,LOC-012,employee0174@example.sa,2016-06-26,الثامنة,إجازة طويلة
EMP-0175,أمل الغامدي,أخصائي أول,DEP-025,LOC-001,employee0175@example.sa,2016-08-02,العاشرة,على رأس العمل
EMP-0176,شهد البلوي,محلل,DEP-026,LOC-002,employee0176@example.sa,2016-09-08,الثامنة,على رأس العمل
EMP-0177,روان الحربي,مدير مشروع,DEP-027,LOC-003,employee0177@example.sa,2016-10-15,السابعة,على رأس العمل
EMP-0178,تركي الهاجري,رئيس فريق,DEP-028,LOC-004,employee0178@example.sa,2016-11-21,الثامنة,على رأس العمل
EMP-0179,حسين القحطاني,رئيس فريق,DEP-029,LOC-005,employee0179@example.sa,2016-12-28,الحادية عشرة,على رأس العمل
EMP-0180,نورة الشهري,باحث,DEP-030,LOC-006,employee0180@example.sa,2017-02-03,العاشرة,على رأس العمل
EMP-0181,هدى العبيدي,رئيس فريق,DEP-031,LOC-007,employee0181@example.sa,2017-03-12,الحادية عشرة,على رأس العمل
EMP-0182,رنا المالكي,أخصائي,DEP-032,LOC-008,employee0182@example.sa,2017-04-18,السابعة,على رأس العمل
EMP-0183,أحمد الخالدي,مهندس أول,DEP-033,LOC-009,employee0183@example.sa,2017-05-25,السابعة,على رأس العمل
EMP-0184,ناصر العنزي,مهندس,DEP-034,LOC-010,employee0184@example.sa,2017-07-01,السادسة,على رأس العمل
EMP-0185,مصطفى السلمي,محلل,DEP-035,LOC-011,employee0185@example.sa,2017-08-07,التاسعة,على رأس العمل
EMP-0186,ريم الزهراني,محلل,DEP-036,LOC-012,employee0186@example.sa,2017-09-13,الثامنة,على رأس العمل
EMP-0187,دانة اليامي,أخصائي أول,DEP-037,LOC-001,employee0187@example.sa,2017-10-20,التاسعة,على رأس العمل
EMP-0188,عائشة الشمري,أخصائي أول,DEP-038,LOC-002,employee0188@example.sa,2017-11-26,السابعة,على رأس العمل
EMP-0189,خالد الرشيدي,منسق,DEP-039,LOC-003,employee0189@example.sa,2018-01-02,السادسة,على رأس العمل
EMP-0190,عمر الدوسري,منسق,DEP-040,LOC-004,employee0190@example.sa,2018-02-08,السابعة,على رأس العمل
EMP-0191,زياد القرني,خبير,DEP-041,LOC-005,employee0191@example.sa,2018-03-17,التاسعة,على رأس العمل
EMP-0192,هند العتيبي,خبير,DEP-042,LOC-006,employee0192@example.sa,2018-04-23,السابعة,على رأس العمل
EMP-0193,مها العمري,محلل,DEP-043,LOC-007,employee0193@example.sa,2018-05-30,التاسعة,على رأس العمل
EMP-0194,مريم السعدي,رئيس فريق,DEP-044,LOC-008,employee0194@example.sa,2018-07-06,السابعة,على رأس العمل
EMP-0195,فهد السبيعي,باحث,DEP-045,LOC-009,employee0195@example.sa,2018-08-12,الحادية عشرة,على رأس العمل
EMP-0196,حسن التميمي,باحث,DEP-046,LOC-010,employee0196@example.sa,2018-09-18,السابعة,على رأس العمل
EMP-0197,مازن المطيري,باحث,DEP-047,LOC-011,employee0197@example.sa,2018-10-25,التاسعة,على رأس العمل
EMP-0198,منى الجهني,مستشار,DEP-048,LOC-012,employee0198@example.sa,2018-12-01,التاسعة,على رأس العمل
EMP-0199,الجوهرة الغامدي,أخصائي أول,DEP-049,LOC-001,employee0199@example.sa,2019-01-07,السابعة,على رأس العمل
EMP-0200,محمد البلوي,مستشار,DEP-050,LOC-002,employee0200@example.sa,2019-02-13,العاشرة,على رأس العمل
EMP-0201,سعود الحربي,محلل أول,DEP-001,LOC-001,employee0201@example.sa,2019-03-22,الثامنة,على رأس العمل
EMP-0202,إبراهيم الهاجري,مدير منتج,DEP-002,LOC-002,employee0202@example.sa,2019-04-28,الثامنة,على رأس العمل
EMP-0203,سارة القحطاني,مدير منتج,DEP-003,LOC-003,employee0203@example.sa,2019-06-04,السادسة,إجازة طويلة
EMP-0204,عبير الشهري,مستشار,DEP-004,LOC-004,employee0204@example.sa,2019-07-11,العاشرة,على رأس العمل
EMP-0205,غادة العبيدي,مدير مشروع,DEP-005,LOC-005,employee0205@example.sa,2019-08-17,السابعة,على رأس العمل
EMP-0206,عبدالله المالكي,أخصائي أول,DEP-006,LOC-006,employee0206@example.sa,2019-09-23,الحادية عشرة,على رأس العمل
EMP-0207,ياسر الخالدي,محلل,DEP-007,LOC-007,employee0207@example.sa,2019-10-30,الحادية عشرة,على رأس العمل
EMP-0208,طارق العنزي,مشرف,DEP-008,LOC-008,employee0208@example.sa,2019-12-06,الحادية عشرة,على رأس العمل
EMP-0209,لينا السلمي,خبير,DEP-009,LOC-009,employee0209@example.sa,2020-01-12,السابعة,على رأس العمل
EMP-0210,لطيفة الزهراني,باحث,DEP-010,LOC-010,employee0210@example.sa,2020-02-18,السادسة,على رأس العمل
EMP-0211,فاطمة اليامي,باحث,DEP-011,LOC-011,employee0211@example.sa,2020-03-26,السادسة,على رأس العمل
EMP-0212,سلمان الشمري,محلل أول,DEP-012,LOC-012,employee0212@example.sa,2020-05-02,الثامنة,على رأس العمل
EMP-0213,علي الرشيدي,منسق,DEP-013,LOC-001,employee0213@example.sa,2020-06-08,الحادية عشرة,على رأس العمل
EMP-0214,وليد الدوسري,محلل,DEP-014,LOC-002,employee0214@example.sa,2020-07-15,التاسعة,على رأس العمل
EMP-0215,أمل القرني,محلل أول,DEP-015,LOC-003,employee0215@example.sa,2020-08-21,التاسعة,على رأس العمل
EMP-0216,شهد العتيبي,خبير,DEP-016,LOC-004,employee0216@example.sa,2020-09-27,السادسة,على رأس العمل
EMP-0217,روان العمري,مشرف,DEP-017,LOC-005,employee0217@example.sa,2020-11-03,الحادية عشرة,على رأس العمل
EMP-0218,تركي السعدي,محلل,DEP-018,LOC-006,employee0218@example.sa,2020-12-10,الحادية عشرة,على رأس العمل
EMP-0219,حسين السبيعي,رئيس فريق,DEP-019,LOC-007,employee0219@example.sa,2021-01-16,العاشرة,على رأس العمل
EMP-0220,نورة التميمي,باحث,DEP-020,LOC-008,employee0220@example.sa,2021-02-22,السادسة,على رأس العمل
EMP-0221,هدى المطيري,منسق,DEP-021,LOC-009,employee0221@example.sa,2021-03-31,الحادية عشرة,على رأس العمل
EMP-0222,رنا الجهني,باحث,DEP-022,LOC-010,employee0222@example.sa,2021-05-07,الثامنة,على رأس العمل
EMP-0223,أحمد الغامدي,محلل,DEP-023,LOC-011,employee0223@example.sa,2021-06-13,الحادية عشرة,على رأس العمل
EMP-0224,ناصر البلوي,منسق,DEP-024,LOC-012,employee0224@example.sa,2021-07-20,السابعة,على رأس العمل
EMP-0225,مصطفى الحربي,رئيس فريق,DEP-025,LOC-001,employee0225@example.sa,2021-08-26,التاسعة,على رأس العمل
EMP-0226,ريم الهاجري,خبير,DEP-026,LOC-002,employee0226@example.sa,2021-10-02,الثامنة,على رأس العمل
EMP-0227,دانة القحطاني,مهندس أول,DEP-027,LOC-003,employee0227@example.sa,2021-11-08,العاشرة,على رأس العمل
EMP-0228,عائشة الشهري,مستشار,DEP-028,LOC-004,employee0228@example.sa,2021-12-15,التاسعة,على رأس العمل
EMP-0229,خالد العبيدي,باحث,DEP-029,LOC-005,employee0229@example.sa,2022-01-21,السابعة,على رأس العمل
EMP-0230,عمر المالكي,مهندس أول,DEP-030,LOC-006,employee0230@example.sa,2022-02-27,العاشرة,على رأس العمل
EMP-0231,زياد الخالدي,مدير منتج,DEP-031,LOC-007,employee0231@example.sa,2022-04-05,العاشرة,على رأس العمل
EMP-0232,هند العنزي,رئيس فريق,DEP-032,LOC-008,employee0232@example.sa,2022-05-12,السابعة,إجازة طويلة
EMP-0233,مها السلمي,محلل أول,DEP-033,LOC-009,employee0233@example.sa,2022-06-18,الحادية عشرة,على رأس العمل
EMP-0234,مريم الزهراني,مدير مشروع,DEP-034,LOC-010,employee0234@example.sa,2022-07-25,التاسعة,على رأس العمل
EMP-0235,فهد اليامي,رئيس فريق,DEP-035,LOC-011,employee0235@example.sa,2022-08-31,العاشرة,على رأس العمل
EMP-0236,حسن الشمري,مدير منتج,DEP-036,LOC-012,employee0236@example.sa,2022-10-07,السادسة,على رأس العمل
EMP-0237,مازن الرشيدي,باحث,DEP-037,LOC-001,employee0237@example.sa,2022-11-13,العاشرة,على رأس العمل
EMP-0238,منى الدوسري,مستشار,DEP-038,LOC-002,employee0238@example.sa,2022-12-20,السادسة,على رأس العمل
EMP-0239,الجوهرة القرني,أخصائي أول,DEP-039,LOC-003,employee0239@example.sa,2023-01-26,الثامنة,على رأس العمل
EMP-0240,محمد العتيبي,رئيس فريق,DEP-040,LOC-004,employee0240@example.sa,2023-03-04,السابعة,على رأس العمل
EMP-0241,سعود العمري,خبير,DEP-041,LOC-005,employee0241@example.sa,2023-04-10,السادسة,على رأس العمل
EMP-0242,إبراهيم السعدي,مشرف,DEP-042,LOC-006,employee0242@example.sa,2023-05-17,التاسعة,على رأس العمل
EMP-0243,سارة السبيعي,مدير منتج,DEP-043,LOC-007,employee0243@example.sa,2023-06-23,العاشرة,على رأس العمل
EMP-0244,عبير التميمي,مدير مشروع,DEP-044,LOC-008,employee0244@example.sa,2023-07-30,الثامنة,على رأس العمل
EMP-0245,غادة المطيري,منسق,DEP-045,LOC-009,employee0245@example.sa,2023-09-05,السادسة,على رأس العمل
EMP-0246,عبدالله الجهني,مستشار,DEP-046,LOC-010,employee0246@example.sa,2023-10-12,الثامنة,على رأس العمل
EMP-0247,ياسر الغامدي,منسق,DEP-047,LOC-011,employee0247@example.sa,2023-11-18,التاسعة,على رأس العمل
EMP-0248,طارق البلوي,محلل أول,DEP-048,LOC-012,employee0248@example.sa,2023-12-25,الثامنة,على رأس العمل
EMP-0249,لينا الحربي,خبير,DEP-049,LOC-001,employee0249@example.sa,2024-01-31,العاشرة,على رأس العمل
EMP-0250,لطيفة الهاجري,محلل أول,DEP-050,LOC-002,employee0250@example.sa,2024-03-08,السابعة,على رأس العمل
EMP-0251,فاطمة القحطاني,أخصائي أول,DEP-001,LOC-001,employee0251@example.sa,2024-04-14,العاشرة,على رأس العمل
EMP-0252,سلمان الشهري,أخصائي,DEP-002,LOC-002,employee0252@example.sa,2024-05-21,الثامنة,على رأس العمل
EMP-0253,علي العبيدي,محلل,DEP-003,LOC-003,employee0253@example.sa,2024-06-27,السابعة,على رأس العمل
EMP-0254,وليد المالكي,مهندس,DEP-004,LOC-004,employee0254@example.sa,2024-08-03,السادسة,على رأس العمل
EMP-0255,أمل الخالدي,رئيس فريق,DEP-005,LOC-005,employee0255@example.sa,2024-09-09,العاشرة,على رأس العمل
EMP-0256,شهد العنزي,مدير منتج,DEP-006,LOC-006,employee0256@example.sa,2024-10-16,السادسة,على رأس العمل
EMP-0257,روان السلمي,محلل أول,DEP-007,LOC-007,employee0257@example.sa,2024-11-22,التاسعة,على رأس العمل
EMP-0258,تركي الزهراني,مستشار,DEP-008,LOC-008,employee0258@example.sa,2024-12-29,الثامنة,على رأس العمل
EMP-0259,حسين اليامي,مشرف,DEP-009,LOC-009,employee0259@example.sa,2025-02-04,السابعة,على رأس العمل
EMP-0260,نورة الشمري,منسق,DEP-010,LOC-010,employee0260@example.sa,2012-01-21,الحادية عشرة,على رأس العمل
EMP-0261,هدى الرشيدي,مدير مشروع,DEP-011,LOC-011,employee0261@example.sa,2012-02-27,الثامنة,إجازة طويلة
EMP-0262,رنا الدوسري,مهندس أول,DEP-012,LOC-012,employee0262@example.sa,2012-04-04,الثامنة,على رأس العمل
EMP-0263,أحمد القرني,باحث,DEP-013,LOC-001,employee0263@example.sa,2012-05-11,العاشرة,على رأس العمل
EMP-0264,ناصر العتيبي,مدير مشروع,DEP-014,LOC-002,employee0264@example.sa,2012-06-17,الحادية عشرة,على رأس العمل
EMP-0265,مصطفى العمري,مدير منتج,DEP-015,LOC-003,employee0265@example.sa,2012-07-24,التاسعة,على رأس العمل
EMP-0266,ريم السعدي,مستشار,DEP-016,LOC-004,employee0266@example.sa,2012-08-30,العاشرة,على رأس العمل
EMP-0267,دانة السبيعي,مهندس,DEP-017,LOC-005,employee0267@example.sa,2012-10-06,الثامنة,على رأس العمل
EMP-0268,عائشة التميمي,مهندس أول,DEP-018,LOC-006,employee0268@example.sa,2012-11-12,التاسعة,على رأس العمل
EMP-0269,خالد المطيري,محلل,DEP-019,LOC-007,employee0269@example.sa,2012-12-19,العاشرة,على رأس العمل
EMP-0270,عمر الجهني,محلل,DEP-020,LOC-008,employee0270@example.sa,2013-01-25,التاسعة,على رأس العمل
EMP-0271,زياد الغامدي,مشرف,DEP-021,LOC-009,employee0271@example.sa,2013-03-03,التاسعة,على رأس العمل
EMP-0272,هند البلوي,منسق,DEP-022,LOC-010,employee0272@example.sa,2013-04-09,التاسعة,على رأس العمل
EMP-0273,مها الحربي,محلل,DEP-023,LOC-011,employee0273@example.sa,2013-05-16,السادسة,على رأس العمل
EMP-0274,مريم الهاجري,أخصائي أول,DEP-024,LOC-012,employee0274@example.sa,2013-06-22,العاشرة,على رأس العمل
EMP-0275,فهد القحطاني,منسق,DEP-025,LOC-001,employee0275@example.sa,2013-07-29,التاسعة,على رأس العمل
EMP-0276,حسن الشهري,باحث,DEP-026,LOC-002,employee0276@example.sa,2013-09-04,العاشرة,على رأس العمل
EMP-0277,مازن العبيدي,مهندس أول,DEP-027,LOC-003,employee0277@example.sa,2013-10-11,الثامنة,على رأس العمل
EMP-0278,منى المالكي,محلل أول,DEP-028,LOC-004,employee0278@example.sa,2013-11-17,السابعة,على رأس العمل
EMP-0279,الجوهرة الخالدي,باحث,DEP-029,LOC-005,employee0279@example.sa,2013-12-24,الحادية عشرة,على رأس العمل
EMP-0280,محمد العنزي,رئيس فريق,DEP-030,LOC-006,employee0280@example.sa,2014-01-30,الحادية عشرة,على رأس العمل
EMP-0281,سعود السلمي,مشرف,DEP-031,LOC-007,employee0281@example.sa,2014-03-08,السادسة,على رأس العمل
EMP-0282,إبراهيم الزهراني,منسق,DEP-032,LOC-008,employee0282@example.sa,2014-04-14,الثامنة,على رأس العمل
EMP-0283,سارة اليامي,منسق,DEP-033,LOC-009,employee0283@example.sa,2014-05-21,التاسعة,على رأس العمل
EMP-0284,عبير الشمري,أخصائي أول,DEP-034,LOC-010,employee0284@example.sa,2014-06-27,العاشرة,على رأس العمل
EMP-0285,غادة الرشيدي,مشرف,DEP-035,LOC-011,employee0285@example.sa,2014-08-03,السادسة,على رأس العمل
EMP-0286,عبدالله الدوسري,باحث,DEP-036,LOC-012,employee0286@example.sa,2014-09-09,الحادية عشرة,على رأس العمل
EMP-0287,ياسر القرني,مهندس,DEP-037,LOC-001,employee0287@example.sa,2014-10-16,الثامنة,على رأس العمل
EMP-0288,طارق العتيبي,محلل,DEP-038,LOC-002,employee0288@example.sa,2014-11-22,السادسة,على رأس العمل
EMP-0289,لينا العمري,أخصائي أول,DEP-039,LOC-003,employee0289@example.sa,2014-12-29,الثامنة,على رأس العمل
EMP-0290,لطيفة السعدي,محلل,DEP-040,LOC-004,employee0290@example.sa,2015-02-04,التاسعة,إجازة طويلة
EMP-0291,فاطمة السبيعي,مهندس أول,DEP-041,LOC-005,employee0291@example.sa,2015-03-13,التاسعة,على رأس العمل
EMP-0292,سلمان التميمي,مستشار,DEP-042,LOC-006,employee0292@example.sa,2015-04-19,التاسعة,على رأس العمل
EMP-0293,علي المطيري,باحث,DEP-043,LOC-007,employee0293@example.sa,2015-05-26,الثامنة,على رأس العمل
EMP-0294,وليد الجهني,أخصائي,DEP-044,LOC-008,employee0294@example.sa,2015-07-02,الثامنة,على رأس العمل
EMP-0295,أمل الغامدي,باحث,DEP-045,LOC-009,employee0295@example.sa,2015-08-08,الحادية عشرة,على رأس العمل
EMP-0296,شهد البلوي,مدير مشروع,DEP-046,LOC-010,employee0296@example.sa,2015-09-14,السابعة,على رأس العمل
EMP-0297,روان الحربي,رئيس فريق,DEP-047,LOC-011,employee0297@example.sa,2015-10-21,الثامنة,على رأس العمل
EMP-0298,تركي الهاجري,مهندس,DEP-048,LOC-012,employee0298@example.sa,2015-11-27,الثامنة,على رأس العمل
EMP-0299,حسين القحطاني,مهندس,DEP-049,LOC-001,employee0299@example.sa,2016-01-03,السادسة,على رأس العمل
EMP-0300,نورة الشهري,منسق,DEP-050,LOC-002,employee0300@example.sa,2016-02-09,السادسة,على رأس العمل
EMP-0301,هدى العبيدي,مهندس,DEP-001,LOC-001,employee0301@example.sa,2016-03-17,العاشرة,على رأس العمل
EMP-0302,رنا المالكي,مهندس,DEP-002,LOC-002,employee0302@example.sa,2016-04-23,السادسة,على رأس العمل
EMP-0303,أحمد الخالدي,مدير منتج,DEP-003,LOC-003,employee0303@example.sa,2016-05-30,السادسة,على رأس العمل
EMP-0304,ناصر العنزي,أخصائي,DEP-004,LOC-004,employee0304@example.sa,2016-07-06,العاشرة,على رأس العمل
EMP-0305,مصطفى السلمي,رئيس فريق,DEP-005,LOC-005,employee0305@example.sa,2016-08-12,السادسة,على رأس العمل
EMP-0306,ريم الزهراني,مهندس,DEP-006,LOC-006,employee0306@example.sa,2016-09-18,السادسة,على رأس العمل
EMP-0307,دانة اليامي,مهندس أول,DEP-007,LOC-007,employee0307@example.sa,2016-10-25,الحادية عشرة,على رأس العمل
EMP-0308,عائشة الشمري,رئيس فريق,DEP-008,LOC-008,employee0308@example.sa,2016-12-01,الحادية عشرة,على رأس العمل
EMP-0309,خالد الرشيدي,محلل,DEP-009,LOC-009,employee0309@example.sa,2017-01-07,العاشرة,على رأس العمل
EMP-0310,عمر الدوسري,مدير منتج,DEP-010,LOC-010,employee0310@example.sa,2017-02-13,العاشرة,على رأس العمل
EMP-0311,زياد القرني,مدير منتج,DEP-011,LOC-011,employee0311@example.sa,2017-03-22,الثامنة,على رأس العمل
EMP-0312,هند العتيبي,محلل أول,DEP-012,LOC-012,employee0312@example.sa,2017-04-28,السابعة,على رأس العمل
EMP-0313,مها العمري,مدير منتج,DEP-013,LOC-001,employee0313@example.sa,2017-06-04,التاسعة,على رأس العمل
EMP-0314,مريم السعدي,مدير مشروع,DEP-014,LOC-002,employee0314@example.sa,2017-07-11,العاشرة,على رأس العمل
EMP-0315,فهد السبيعي,مهندس أول,DEP-015,LOC-003,employee0315@example.sa,2017-08-17,التاسعة,على رأس العمل
EMP-0316,حسن التميمي,مدير مشروع,DEP-016,LOC-004,employee0316@example.sa,2017-09-23,الحادية عشرة,على رأس العمل
EMP-0317,مازن المطيري,مستشار,DEP-017,LOC-005,employee0317@example.sa,2017-10-30,التاسعة,على رأس العمل
EMP-0318,منى الجهني,باحث,DEP-018,LOC-006,employee0318@example.sa,2017-12-06,الحادية عشرة,على رأس العمل
EMP-0319,الجوهرة الغامدي,مهندس,DEP-019,LOC-007,employee0319@example.sa,2018-01-12,الحادية عشرة,إجازة طويلة
EMP-0320,محمد البلوي,أخصائي,DEP-020,LOC-008,employee0320@example.sa,2018-02-18,السابعة,على رأس العمل
EMP-0321,سعود الحربي,مهندس أول,DEP-021,LOC-009,employee0321@example.sa,2018-03-27,الحادية عشرة,على رأس العمل
EMP-0322,إبراهيم الهاجري,مهندس,DEP-022,LOC-010,employee0322@example.sa,2018-05-03,الحادية عشرة,على رأس العمل
EMP-0323,سارة القحطاني,مهندس,DEP-023,LOC-011,employee0323@example.sa,2018-06-09,الثامنة,على رأس العمل
EMP-0324,عبير الشهري,محلل أول,DEP-024,LOC-012,employee0324@example.sa,2018-07-16,السادسة,على رأس العمل
EMP-0325,غادة العبيدي,محلل أول,DEP-025,LOC-001,employee0325@example.sa,2018-08-22,السابعة,على رأس العمل
EMP-0326,عبدالله المالكي,مهندس أول,DEP-026,LOC-002,employee0326@example.sa,2018-09-28,الحادية عشرة,على رأس العمل
EMP-0327,ياسر الخالدي,باحث,DEP-027,LOC-003,employee0327@example.sa,2018-11-04,الثامنة,على رأس العمل
EMP-0328,طارق العنزي,باحث,DEP-028,LOC-004,employee0328@example.sa,2018-12-11,العاشرة,على رأس العمل
EMP-0329,لينا السلمي,باحث,DEP-029,LOC-005,employee0329@example.sa,2019-01-17,السادسة,على رأس العمل
EMP-0330,لطيفة الزهراني,خبير,DEP-030,LOC-006,employee0330@example.sa,2019-02-23,التاسعة,على رأس العمل
EMP-0331,فاطمة اليامي,رئيس فريق,DEP-031,LOC-007,employee0331@example.sa,2019-04-01,السابعة,على رأس العمل
EMP-0332,سلمان الشمري,مدير مشروع,DEP-032,LOC-008,employee0332@example.sa,2019-05-08,التاسعة,على رأس العمل
EMP-0333,علي الرشيدي,أخصائي أول,DEP-033,LOC-009,employee0333@example.sa,2019-06-14,السادسة,على رأس العمل
EMP-0334,وليد الدوسري,مهندس,DEP-034,LOC-010,employee0334@example.sa,2019-07-21,العاشرة,على رأس العمل
EMP-0335,أمل القرني,خبير,DEP-035,LOC-011,employee0335@example.sa,2019-08-27,الثامنة,على رأس العمل
EMP-0336,شهد العتيبي,مستشار,DEP-036,LOC-012,employee0336@example.sa,2019-10-03,السابعة,على رأس العمل
EMP-0337,روان العمري,مهندس,DEP-037,LOC-001,employee0337@example.sa,2019-11-09,الثامنة,على رأس العمل
EMP-0338,تركي السعدي,مهندس,DEP-038,LOC-002,employee0338@example.sa,2019-12-16,العاشرة,على رأس العمل
EMP-0339,حسين السبيعي,مهندس,DEP-039,LOC-003,employee0339@example.sa,2020-01-22,العاشرة,على رأس العمل
EMP-0340,نورة التميمي,خبير,DEP-040,LOC-004,employee0340@example.sa,2020-02-28,العاشرة,على رأس العمل
EMP-0341,هدى المطيري,مدير منتج,DEP-041,LOC-005,employee0341@example.sa,2020-04-05,التاسعة,على رأس العمل
EMP-0342,رنا الجهني,مهندس أول,DEP-042,LOC-006,employee0342@example.sa,2020-05-12,الثامنة,على رأس العمل
EMP-0343,أحمد الغامدي,مهندس أول,DEP-043,LOC-007,employee0343@example.sa,2020-06-18,الثامنة,على رأس العمل
EMP-0344,ناصر البلوي,مستشار,DEP-044,LOC-008,employee0344@example.sa,2020-07-25,التاسعة,على رأس العمل
EMP-0345,مصطفى الحربي,أخصائي أول,DEP-045,LOC-009,employee0345@example.sa,2020-08-31,الحادية عشرة,على رأس العمل
EMP-0346,ريم الهاجري,محلل,DEP-046,LOC-010,employee0346@example.sa,2020-10-07,التاسعة,على رأس العمل
EMP-0347,دانة القحطاني,محلل,DEP-047,LOC-011,employee0347@example.sa,2020-11-13,الحادية عشرة,على رأس العمل
EMP-0348,عائشة الشهري,مدير منتج,DEP-048,LOC-012,employee0348@example.sa,2020-12-20,السابعة,إجازة طويلة
EMP-0349,خالد العبيدي,محلل أول,DEP-049,LOC-001,employee0349@example.sa,2021-01-26,الحادية عشرة,على رأس العمل
EMP-0350,عمر المالكي,مدير مشروع,DEP-050,LOC-002,employee0350@example.sa,2021-03-04,السادسة,على رأس العمل
EMP-0351,زياد الخالدي,أخصائي أول,DEP-001,LOC-001,employee0351@example.sa,2021-04-10,التاسعة,على رأس العمل
EMP-0352,هند العنزي,رئيس فريق,DEP-002,LOC-002,employee0352@example.sa,2021-05-17,التاسعة,على رأس العمل
EMP-0353,مها السلمي,منسق,DEP-003,LOC-003,employee0353@example.sa,2021-06-23,الثامنة,على رأس العمل
EMP-0354,مريم الزهراني,أخصائي أول,DEP-004,LOC-004,employee0354@example.sa,2021-07-30,الحادية عشرة,على رأس العمل
EMP-0355,فهد اليامي,مهندس أول,DEP-005,LOC-005,employee0355@example.sa,2021-09-05,الحادية عشرة,على رأس العمل
EMP-0356,حسن الشمري,أخصائي أول,DEP-006,LOC-006,employee0356@example.sa,2021-10-12,العاشرة,على رأس العمل
EMP-0357,مازن الرشيدي,مهندس,DEP-007,LOC-007,employee0357@example.sa,2021-11-18,العاشرة,على رأس العمل
EMP-0358,منى الدوسري,محلل,DEP-008,LOC-008,employee0358@example.sa,2021-12-25,السابعة,على رأس العمل
EMP-0359,الجوهرة القرني,مشرف,DEP-009,LOC-009,employee0359@example.sa,2022-01-31,الحادية عشرة,على رأس العمل
EMP-0360,محمد العتيبي,مستشار,DEP-010,LOC-010,employee0360@example.sa,2022-03-09,الحادية عشرة,على رأس العمل
EMP-0361,سعود العمري,باحث,DEP-011,LOC-011,employee0361@example.sa,2022-04-15,السابعة,على رأس العمل
EMP-0362,إبراهيم السعدي,محلل أول,DEP-012,LOC-012,employee0362@example.sa,2022-05-22,التاسعة,على رأس العمل
EMP-0363,سارة السبيعي,محلل,DEP-013,LOC-001,employee0363@example.sa,2022-06-28,التاسعة,على رأس العمل
EMP-0364,عبير التميمي,محلل,DEP-014,LOC-002,employee0364@example.sa,2022-08-04,السابعة,على رأس العمل
EMP-0365,غادة المطيري,خبير,DEP-015,LOC-003,employee0365@example.sa,2022-09-10,السادسة,على رأس العمل
EMP-0366,عبدالله الجهني,خبير,DEP-016,LOC-004,employee0366@example.sa,2022-10-17,الحادية عشرة,على رأس العمل
EMP-0367,ياسر الغامدي,خبير,DEP-017,LOC-005,employee0367@example.sa,2022-11-23,العاشرة,على رأس العمل
EMP-0368,طارق البلوي,محلل أول,DEP-018,LOC-006,employee0368@example.sa,2022-12-30,الحادية عشرة,على رأس العمل
EMP-0369,لينا الحربي,محلل أول,DEP-019,LOC-007,employee0369@example.sa,2023-02-05,العاشرة,على رأس العمل
EMP-0370,لطيفة الهاجري,باحث,DEP-020,LOC-008,employee0370@example.sa,2023-03-14,الحادية عشرة,على رأس العمل
EMP-0371,فاطمة القحطاني,محلل أول,DEP-021,LOC-009,employee0371@example.sa,2023-04-20,السابعة,على رأس العمل
EMP-0372,سلمان الشهري,محلل,DEP-022,LOC-010,employee0372@example.sa,2023-05-27,التاسعة,على رأس العمل
EMP-0373,علي العبيدي,أخصائي أول,DEP-023,LOC-011,employee0373@example.sa,2023-07-03,السابعة,على رأس العمل
EMP-0374,وليد المالكي,منسق,DEP-024,LOC-012,employee0374@example.sa,2023-08-09,العاشرة,على رأس العمل
EMP-0375,أمل الخالدي,مشرف,DEP-025,LOC-001,employee0375@example.sa,2023-09-15,الحادية عشرة,على رأس العمل
EMP-0376,شهد العنزي,مستشار,DEP-026,LOC-002,employee0376@example.sa,2023-10-22,السادسة,على رأس العمل
EMP-0377,روان السلمي,أخصائي أول,DEP-027,LOC-003,employee0377@example.sa,2023-11-28,السادسة,إجازة طويلة
EMP-0378,تركي الزهراني,رئيس فريق,DEP-028,LOC-004,employee0378@example.sa,2024-01-04,السابعة,على رأس العمل
EMP-0379,حسين اليامي,مدير منتج,DEP-029,LOC-005,employee0379@example.sa,2024-02-10,العاشرة,على رأس العمل
EMP-0380,نورة الشمري,مهندس,DEP-030,LOC-006,employee0380@example.sa,2024-03-18,السادسة,على رأس العمل
EMP-0381,هدى الرشيدي,مدير منتج,DEP-031,LOC-007,employee0381@example.sa,2024-04-24,الحادية عشرة,على رأس العمل
EMP-0382,رنا الدوسري,منسق,DEP-032,LOC-008,employee0382@example.sa,2024-05-31,الحادية عشرة,على رأس العمل
EMP-0383,أحمد القرني,باحث,DEP-033,LOC-009,employee0383@example.sa,2024-07-07,السابعة,على رأس العمل
EMP-0384,ناصر العتيبي,مدير منتج,DEP-034,LOC-010,employee0384@example.sa,2024-08-13,السابعة,على رأس العمل
EMP-0385,مصطفى العمري,أخصائي,DEP-035,LOC-011,employee0385@example.sa,2024-09-19,السابعة,على رأس العمل
EMP-0386,ريم السعدي,محلل,DEP-036,LOC-012,employee0386@example.sa,2024-10-26,العاشرة,على رأس العمل
EMP-0387,دانة السبيعي,خبير,DEP-037,LOC-001,employee0387@example.sa,2024-12-02,السادسة,على رأس العمل
EMP-0388,عائشة التميمي,رئيس فريق,DEP-038,LOC-002,employee0388@example.sa,2025-01-08,التاسعة,على رأس العمل
EMP-0389,خالد المطيري,مشرف,DEP-039,LOC-003,employee0389@example.sa,2025-02-14,العاشرة,على رأس العمل
EMP-0390,عمر الجهني,رئيس فريق,DEP-040,LOC-004,employee0390@example.sa,2012-01-31,الحادية عشرة,على رأس العمل
EMP-0391,زياد الغامدي,مدير منتج,DEP-041,LOC-005,employee0391@example.sa,2012-03-08,الثامنة,على رأس العمل
EMP-0392,هند البلوي,مشرف,DEP-042,LOC-006,employee0392@example.sa,2012-04-14,السابعة,على رأس العمل
EMP-0393,مها الحربي,منسق,DEP-043,LOC-007,employee0393@example.sa,2012-05-21,السادسة,على رأس العمل
EMP-0394,مريم الهاجري,خبير,DEP-044,LOC-008,employee0394@example.sa,2012-06-27,العاشرة,على رأس العمل
EMP-0395,فهد القحطاني,مستشار,DEP-045,LOC-009,employee0395@example.sa,2012-08-03,التاسعة,على رأس العمل
EMP-0396,حسن الشهري,مدير منتج,DEP-046,LOC-010,employee0396@example.sa,2012-09-09,السادسة,على رأس العمل
EMP-0397,مازن العبيدي,مستشار,DEP-047,LOC-011,employee0397@example.sa,2012-10-16,السابعة,على رأس العمل
EMP-0398,منى المالكي,منسق,DEP-048,LOC-012,employee0398@example.sa,2012-11-22,السادسة,على رأس العمل
EMP-0399,الجوهرة الخالدي,محلل أول,DEP-049,LOC-001,employee0399@example.sa,2012-12-29,السابعة,على رأس العمل
EMP-0400,محمد العنزي,رئيس فريق,DEP-050,LOC-002,employee0400@example.sa,2013-02-04,التاسعة,على رأس العمل
EMP-0401,سعود السلمي,مستشار,DEP-001,LOC-001,employee0401@example.sa,2013-03-13,الحادية عشرة,على رأس العمل
EMP-0402,إبراهيم الزهراني,خبير,DEP-002,LOC-002,employee0402@example.sa,2013-04-19,التاسعة,على رأس العمل
EMP-0403,سارة اليامي,منسق,DEP-003,LOC-003,employee0403@example.sa,2013-05-26,التاسعة,على رأس العمل
EMP-0404,عبير الشمري,باحث,DEP-004,LOC-004,employee0404@example.sa,2013-07-02,العاشرة,على رأس العمل
EMP-0405,غادة الرشيدي,أخصائي,DEP-005,LOC-005,employee0405@example.sa,2013-08-08,السابعة,على رأس العمل
EMP-0406,عبدالله الدوسري,خبير,DEP-006,LOC-006,employee0406@example.sa,2013-09-14,الثامنة,إجازة طويلة
EMP-0407,ياسر القرني,منسق,DEP-007,LOC-007,employee0407@example.sa,2013-10-21,الثامنة,على رأس العمل
EMP-0408,طارق العتيبي,مهندس,DEP-008,LOC-008,employee0408@example.sa,2013-11-27,السادسة,على رأس العمل
EMP-0409,لينا العمري,مدير مشروع,DEP-009,LOC-009,employee0409@example.sa,2014-01-03,السابعة,على رأس العمل
EMP-0410,لطيفة السعدي,مستشار,DEP-010,LOC-010,employee0410@example.sa,2014-02-09,العاشرة,على رأس العمل
EMP-0411,فاطمة السبيعي,أخصائي أول,DEP-011,LOC-011,employee0411@example.sa,2014-03-18,الحادية عشرة,على رأس العمل
EMP-0412,سلمان التميمي,مدير منتج,DEP-012,LOC-012,employee0412@example.sa,2014-04-24,العاشرة,على رأس العمل
EMP-0413,علي المطيري,باحث,DEP-013,LOC-001,employee0413@example.sa,2014-05-31,الثامنة,على رأس العمل
EMP-0414,وليد الجهني,رئيس فريق,DEP-014,LOC-002,employee0414@example.sa,2014-07-07,التاسعة,على رأس العمل
EMP-0415,أمل الغامدي,مدير مشروع,DEP-015,LOC-003,employee0415@example.sa,2014-08-13,الثامنة,على رأس العمل
EMP-0416,شهد البلوي,مستشار,DEP-016,LOC-004,employee0416@example.sa,2014-09-19,التاسعة,على رأس العمل
EMP-0417,روان الحربي,منسق,DEP-017,LOC-005,employee0417@example.sa,2014-10-26,الثامنة,على رأس العمل
EMP-0418,تركي الهاجري,باحث,DEP-018,LOC-006,employee0418@example.sa,2014-12-02,السادسة,على رأس العمل
EMP-0419,حسين القحطاني,محلل أول,DEP-019,LOC-007,employee0419@example.sa,2015-01-08,الحادية عشرة,على رأس العمل
EMP-0420,نورة الشهري,مهندس,DEP-020,LOC-008,employee0420@example.sa,2015-02-14,السادسة,على رأس العمل
EMP-0421,هدى العبيدي,مدير مشروع,DEP-021,LOC-009,employee0421@example.sa,2015-03-23,السادسة,على رأس العمل
EMP-0422,رنا المالكي,مشرف,DEP-022,LOC-010,employee0422@example.sa,2015-04-29,العاشرة,على رأس العمل
EMP-0423,أحمد الخالدي,مدير منتج,DEP-023,LOC-011,employee0423@example.sa,2015-06-05,السابعة,على رأس العمل
EMP-0424,ناصر العنزي,مهندس,DEP-024,LOC-012,employee0424@example.sa,2015-07-12,السادسة,على رأس العمل
EMP-0425,مصطفى السلمي,مستشار,DEP-025,LOC-001,employee0425@example.sa,2015-08-18,الثامنة,على رأس العمل
EMP-0426,ريم الزهراني,أخصائي أول,DEP-026,LOC-002,employee0426@example.sa,2015-09-24,الحادية عشرة,على رأس العمل
EMP-0427,دانة اليامي,مستشار,DEP-027,LOC-003,employee0427@example.sa,2015-10-31,العاشرة,على رأس العمل
EMP-0428,عائشة الشمري,مهندس أول,DEP-028,LOC-004,employee0428@example.sa,2015-12-07,الثامنة,على رأس العمل
EMP-0429,خالد الرشيدي,أخصائي,DEP-029,LOC-005,employee0429@example.sa,2016-01-13,التاسعة,على رأس العمل
EMP-0430,عمر الدوسري,أخصائي,DEP-030,LOC-006,employee0430@example.sa,2016-02-19,التاسعة,على رأس العمل
EMP-0431,زياد القرني,أخصائي أول,DEP-031,LOC-007,employee0431@example.sa,2016-03-27,العاشرة,على رأس العمل
EMP-0432,هند العتيبي,مدير منتج,DEP-032,LOC-008,employee0432@example.sa,2016-05-03,السادسة,على رأس العمل
EMP-0433,مها العمري,خبير,DEP-033,LOC-009,employee0433@example.sa,2016-06-09,السابعة,على رأس العمل
EMP-0434,مريم السعدي,مستشار,DEP-034,LOC-010,employee0434@example.sa,2016-07-16,التاسعة,على رأس العمل
EMP-0435,فهد السبيعي,محلل,DEP-035,LOC-011,employee0435@example.sa,2016-08-22,الثامنة,إجازة طويلة
EMP-0436,حسن التميمي,خبير,DEP-036,LOC-012,employee0436@example.sa,2016-09-28,العاشرة,على رأس العمل
EMP-0437,مازن المطيري,أخصائي أول,DEP-037,LOC-001,employee0437@example.sa,2016-11-04,الثامنة,على رأس العمل
EMP-0438,منى الجهني,مدير منتج,DEP-038,LOC-002,employee0438@example.sa,2016-12-11,التاسعة,على رأس العمل
EMP-0439,الجوهرة الغامدي,منسق,DEP-039,LOC-003,employee0439@example.sa,2017-01-17,التاسعة,على رأس العمل
EMP-0440,محمد البلوي,خبير,DEP-040,LOC-004,employee0440@example.sa,2017-02-23,الثامنة,على رأس العمل
EMP-0441,سعود الحربي,مهندس أول,DEP-041,LOC-005,employee0441@example.sa,2017-04-01,الثامنة,على رأس العمل
EMP-0442,إبراهيم الهاجري,مدير منتج,DEP-042,LOC-006,employee0442@example.sa,2017-05-08,الثامنة,على رأس العمل
EMP-0443,سارة القحطاني,مهندس,DEP-043,LOC-007,employee0443@example.sa,2017-06-14,الحادية عشرة,على رأس العمل
EMP-0444,عبير الشهري,مستشار,DEP-044,LOC-008,employee0444@example.sa,2017-07-21,السابعة,على رأس العمل
EMP-0445,غادة العبيدي,مدير منتج,DEP-045,LOC-009,employee0445@example.sa,2017-08-27,التاسعة,على رأس العمل
EMP-0446,عبدالله المالكي,مشرف,DEP-046,LOC-010,employee0446@example.sa,2017-10-03,السابعة,على رأس العمل
EMP-0447,ياسر الخالدي,مدير مشروع,DEP-047,LOC-011,employee0447@example.sa,2017-11-09,العاشرة,على رأس العمل
EMP-0448,طارق العنزي,مشرف,DEP-048,LOC-012,employee0448@example.sa,2017-12-16,الثامنة,على رأس العمل
EMP-0449,لينا السلمي,باحث,DEP-049,LOC-001,employee0449@example.sa,2018-01-22,العاشرة,على رأس العمل
EMP-0450,لطيفة الزهراني,باحث,DEP-050,LOC-002,employee0450@example.sa,2018-02-28,الحادية عشرة,على رأس العمل
EMP-0451,فاطمة اليامي,مشرف,DEP-001,LOC-001,employee0451@example.sa,2018-04-06,العاشرة,على رأس العمل
EMP-0452,سلمان الشمري,مدير منتج,DEP-002,LOC-002,employee0452@example.sa,2018-05-13,التاسعة,على رأس العمل
EMP-0453,علي الرشيدي,مستشار,DEP-003,LOC-003,employee0453@example.sa,2018-06-19,الثامنة,على رأس العمل
EMP-0454,وليد الدوسري,خبير,DEP-004,LOC-004,employee0454@example.sa,2018-07-26,السادسة,على رأس العمل
EMP-0455,أمل القرني,مدير منتج,DEP-005,LOC-005,employee0455@example.sa,2018-09-01,الثامنة,على رأس العمل
EMP-0456,شهد العتيبي,مستشار,DEP-006,LOC-006,employee0456@example.sa,2018-10-08,التاسعة,على رأس العمل
EMP-0457,روان العمري,مدير منتج,DEP-007,LOC-007,employee0457@example.sa,2018-11-14,السابعة,على رأس العمل
EMP-0458,تركي السعدي,مدير مشروع,DEP-008,LOC-008,employee0458@example.sa,2018-12-21,الحادية عشرة,على رأس العمل
EMP-0459,حسين السبيعي,منسق,DEP-009,LOC-009,employee0459@example.sa,2019-01-27,الثامنة,على رأس العمل
EMP-0460,نورة التميمي,محلل,DEP-010,LOC-010,employee0460@example.sa,2019-03-05,السادسة,على رأس العمل
EMP-0461,هدى المطيري,محلل,DEP-011,LOC-011,employee0461@example.sa,2019-04-11,السابعة,على رأس العمل
EMP-0462,رنا الجهني,محلل,DEP-012,LOC-012,employee0462@example.sa,2019-05-18,الحادية عشرة,على رأس العمل
EMP-0463,أحمد الغامدي,أخصائي,DEP-013,LOC-001,employee0463@example.sa,2019-06-24,العاشرة,على رأس العمل
EMP-0464,ناصر البلوي,أخصائي,DEP-014,LOC-002,employee0464@example.sa,2019-07-31,الحادية عشرة,إجازة طويلة
EMP-0465,مصطفى الحربي,خبير,DEP-015,LOC-003,employee0465@example.sa,2019-09-06,الحادية عشرة,على رأس العمل
EMP-0466,ريم الهاجري,أخصائي,DEP-016,LOC-004,employee0466@example.sa,2019-10-13,السابعة,على رأس العمل
EMP-0467,دانة القحطاني,مهندس,DEP-017,LOC-005,employee0467@example.sa,2019-11-19,العاشرة,على رأس العمل
EMP-0468,عائشة الشهري,مشرف,DEP-018,LOC-006,employee0468@example.sa,2019-12-26,الحادية عشرة,على رأس العمل
EMP-0469,خالد العبيدي,مستشار,DEP-019,LOC-007,employee0469@example.sa,2020-02-01,السابعة,على رأس العمل
EMP-0470,عمر المالكي,مشرف,DEP-020,LOC-008,employee0470@example.sa,2020-03-09,السادسة,على رأس العمل
EMP-0471,زياد الخالدي,أخصائي أول,DEP-021,LOC-009,employee0471@example.sa,2020-04-15,الحادية عشرة,على رأس العمل
EMP-0472,هند العنزي,خبير,DEP-022,LOC-010,employee0472@example.sa,2020-05-22,الثامنة,على رأس العمل
EMP-0473,مها السلمي,مهندس,DEP-023,LOC-011,employee0473@example.sa,2020-06-28,السابعة,على رأس العمل
EMP-0474,مريم الزهراني,خبير,DEP-024,LOC-012,employee0474@example.sa,2020-08-04,الحادية عشرة,على رأس العمل
EMP-0475,فهد اليامي,باحث,DEP-025,LOC-001,employee0475@example.sa,2020-09-10,العاشرة,على رأس العمل
EMP-0476,حسن الشمري,مستشار,DEP-026,LOC-002,employee0476@example.sa,2020-10-17,السابعة,على رأس العمل
EMP-0477,مازن الرشيدي,مدير منتج,DEP-027,LOC-003,employee0477@example.sa,2020-11-23,التاسعة,على رأس العمل
EMP-0478,منى الدوسري,باحث,DEP-028,LOC-004,employee0478@example.sa,2020-12-30,الحادية عشرة,على رأس العمل
EMP-0479,الجوهرة القرني,خبير,DEP-029,LOC-005,employee0479@example.sa,2021-02-05,السابعة,على رأس العمل
EMP-0480,محمد العتيبي,مدير مشروع,DEP-030,LOC-006,employee0480@example.sa,2021-03-14,السابعة,على رأس العمل
EMP-0481,سعود العمري,مهندس,DEP-031,LOC-007,employee0481@example.sa,2021-04-20,التاسعة,على رأس العمل
EMP-0482,إبراهيم السعدي,أخصائي,DEP-032,LOC-008,employee0482@example.sa,2021-05-27,السابعة,على رأس العمل
EMP-0483,سارة السبيعي,خبير,DEP-033,LOC-009,employee0483@example.sa,2021-07-03,الحادية عشرة,على رأس العمل
EMP-0484,عبير التميمي,باحث,DEP-034,LOC-010,employee0484@example.sa,2021-08-09,الثامنة,على رأس العمل
EMP-0485,غادة المطيري,أخصائي أول,DEP-035,LOC-011,employee0485@example.sa,2021-09-15,الثامنة,على رأس العمل
EMP-0486,عبدالله الجهني,خبير,DEP-036,LOC-012,employee0486@example.sa,2021-10-22,التاسعة,على رأس العمل
EMP-0487,ياسر الغامدي,مشرف,DEP-037,LOC-001,employee0487@example.sa,2021-11-28,العاشرة,على رأس العمل
EMP-0488,طارق البلوي,أخصائي أول,DEP-038,LOC-002,employee0488@example.sa,2022-01-04,السابعة,على رأس العمل
EMP-0489,لينا الحربي,مدير مشروع,DEP-039,LOC-003,employee0489@example.sa,2022-02-10,الثامنة,على رأس العمل
EMP-0490,لطيفة الهاجري,أخصائي,DEP-040,LOC-004,employee0490@example.sa,2022-03-19,الثامنة,على رأس العمل
EMP-0491,فاطمة القحطاني,خبير,DEP-041,LOC-005,employee0491@example.sa,2022-04-25,التاسعة,على رأس العمل
EMP-0492,سلمان الشهري,أخصائي,DEP-042,LOC-006,employee0492@example.sa,2022-06-01,الثامنة,على رأس العمل
EMP-0493,علي العبيدي,باحث,DEP-043,LOC-007,employee0493@example.sa,2022-07-08,الحادية عشرة,إجازة طويلة
EMP-0494,وليد المالكي,مدير مشروع,DEP-044,LOC-008,employee0494@example.sa,2022-08-14,السادسة,على رأس العمل
EMP-0495,أمل الخالدي,باحث,DEP-045,LOC-009,employee0495@example.sa,2022-09-20,السادسة,على رأس العمل
EMP-0496,شهد العنزي,باحث,DEP-046,LOC-010,employee0496@example.sa,2022-10-27,السادسة,على رأس العمل
EMP-0497,روان السلمي,أخصائي أول,DEP-047,LOC-011,employee0497@example.sa,2022-12-03,الثامنة,على رأس العمل
EMP-0498,تركي الزهراني,مدير منتج,DEP-048,LOC-012,employee0498@example.sa,2023-01-09,الحادية عشرة,على رأس العمل
EMP-0499,حسين اليامي,رئيس فريق,DEP-049,LOC-001,employee0499@example.sa,2023-02-15,الحادية عشرة,على رأس العمل
EMP-0500,نورة الشمري,أخصائي,DEP-050,LOC-002,employee0500@example.sa,2023-03-24,السادسة,على رأس العمل
EMP-0501,هدى الرشيدي,مستشار,DEP-001,LOC-001,employee0501@example.sa,2023-04-30,الثامنة,على رأس العمل
EMP-0502,رنا الدوسري,محلل,DEP-002,LOC-002,employee0502@example.sa,2023-06-06,السادسة,على رأس العمل
EMP-0503,أحمد القرني,مدير مشروع,DEP-003,LOC-003,employee0503@example.sa,2023-07-13,السابعة,على رأس العمل
EMP-0504,ناصر العتيبي,خبير,DEP-004,LOC-004,employee0504@example.sa,2023-08-19,الثامنة,على رأس العمل
EMP-0505,مصطفى العمري,مدير منتج,DEP-005,LOC-005,employee0505@example.sa,2023-09-25,السادسة,على رأس العمل
EMP-0506,ريم السعدي,أخصائي أول,DEP-006,LOC-006,employee0506@example.sa,2023-11-01,السابعة,على رأس العمل
EMP-0507,دانة السبيعي,مهندس,DEP-007,LOC-007,employee0507@example.sa,2023-12-08,الثامنة,على رأس العمل
EMP-0508,عائشة التميمي,رئيس فريق,DEP-008,LOC-008,employee0508@example.sa,2024-01-14,السادسة,على رأس العمل
EMP-0509,خالد المطيري,مدير منتج,DEP-009,LOC-009,employee0509@example.sa,2024-02-20,الثامنة,على رأس العمل
EMP-0510,عمر الجهني,مدير منتج,DEP-010,LOC-010,employee0510@example.sa,2024-03-28,الحادية عشرة,على رأس العمل
EMP-0511,زياد الغامدي,أخصائي,DEP-011,LOC-011,employee0511@example.sa,2024-05-04,الثامنة,على رأس العمل
EMP-0512,هند البلوي,محلل,DEP-012,LOC-012,employee0512@example.sa,2024-06-10,الحادية عشرة,على رأس العمل
EMP-0513,مها الحربي,مدير مشروع,DEP-013,LOC-001,employee0513@example.sa,2024-07-17,السابعة,على رأس العمل
EMP-0514,مريم الهاجري,مدير منتج,DEP-014,LOC-002,employee0514@example.sa,2024-08-23,السادسة,على رأس العمل
EMP-0515,فهد القحطاني,محلل,DEP-015,LOC-003,employee0515@example.sa,2024-09-29,الحادية عشرة,على رأس العمل
EMP-0516,حسن الشهري,أخصائي,DEP-016,LOC-004,employee0516@example.sa,2024-11-05,العاشرة,على رأس العمل
EMP-0517,مازن العبيدي,مهندس,DEP-017,LOC-005,employee0517@example.sa,2024-12-12,السابعة,على رأس العمل
EMP-0518,منى المالكي,رئيس فريق,DEP-018,LOC-006,employee0518@example.sa,2025-01-18,التاسعة,على رأس العمل
EMP-0519,الجوهرة الخالدي,أخصائي,DEP-019,LOC-007,employee0519@example.sa,2012-01-04,السابعة,على رأس العمل
EMP-0520,محمد العنزي,أخصائي,DEP-020,LOC-008,employee0520@example.sa,2012-02-10,الثامنة,على رأس العمل
EMP-0521,سعود السلمي,منسق,DEP-021,LOC-009,employee0521@example.sa,2012-03-18,السادسة,على رأس العمل
EMP-0522,إبراهيم الزهراني,محلل أول,DEP-022,LOC-010,employee0522@example.sa,2012-04-24,التاسعة,إجازة طويلة
EMP-0523,سارة اليامي,مهندس,DEP-023,LOC-011,employee0523@example.sa,2012-05-31,التاسعة,على رأس العمل
EMP-0524,عبير الشمري,محلل,DEP-024,LOC-012,employee0524@example.sa,2012-07-07,التاسعة,على رأس العمل
EMP-0525,غادة الرشيدي,رئيس فريق,DEP-025,LOC-001,employee0525@example.sa,2012-08-13,السادسة,على رأس العمل
EMP-0526,عبدالله الدوسري,مستشار,DEP-026,LOC-002,employee0526@example.sa,2012-09-19,السادسة,على رأس العمل
EMP-0527,ياسر القرني,منسق,DEP-027,LOC-003,employee0527@example.sa,2012-10-26,العاشرة,على رأس العمل
EMP-0528,طارق العتيبي,مدير منتج,DEP-028,LOC-004,employee0528@example.sa,2012-12-02,العاشرة,على رأس العمل
EMP-0529,لينا العمري,مستشار,DEP-029,LOC-005,employee0529@example.sa,2013-01-08,العاشرة,على رأس العمل
EMP-0530,لطيفة السعدي,مدير مشروع,DEP-030,LOC-006,employee0530@example.sa,2013-02-14,السادسة,على رأس العمل
EMP-0531,فاطمة السبيعي,منسق,DEP-031,LOC-007,employee0531@example.sa,2013-03-23,العاشرة,على رأس العمل
EMP-0532,سلمان التميمي,أخصائي أول,DEP-032,LOC-008,employee0532@example.sa,2013-04-29,الثامنة,على رأس العمل
EMP-0533,علي المطيري,مدير مشروع,DEP-033,LOC-009,employee0533@example.sa,2013-06-05,الثامنة,على رأس العمل
EMP-0534,وليد الجهني,مدير مشروع,DEP-034,LOC-010,employee0534@example.sa,2013-07-12,الحادية عشرة,على رأس العمل
EMP-0535,أمل الغامدي,أخصائي,DEP-035,LOC-011,employee0535@example.sa,2013-08-18,التاسعة,على رأس العمل
EMP-0536,شهد البلوي,محلل,DEP-036,LOC-012,employee0536@example.sa,2013-09-24,التاسعة,على رأس العمل
EMP-0537,روان الحربي,خبير,DEP-037,LOC-001,employee0537@example.sa,2013-10-31,الحادية عشرة,على رأس العمل
EMP-0538,تركي الهاجري,رئيس فريق,DEP-038,LOC-002,employee0538@example.sa,2013-12-07,الحادية عشرة,على رأس العمل
EMP-0539,حسين القحطاني,محلل,DEP-039,LOC-003,employee0539@example.sa,2014-01-13,التاسعة,على رأس العمل
EMP-0540,نورة الشهري,مهندس,DEP-040,LOC-004,employee0540@example.sa,2014-02-19,الحادية عشرة,على رأس العمل
EMP-0541,هدى العبيدي,أخصائي أول,DEP-041,LOC-005,employee0541@example.sa,2014-03-28,السابعة,على رأس العمل
EMP-0542,رنا المالكي,مدير منتج,DEP-042,LOC-006,employee0542@example.sa,2014-05-04,السابعة,على رأس العمل
EMP-0543,أحمد الخالدي,مدير مشروع,DEP-043,LOC-007,employee0543@example.sa,2014-06-10,العاشرة,على رأس العمل
EMP-0544,ناصر العنزي,أخصائي أول,DEP-044,LOC-008,employee0544@example.sa,2014-07-17,التاسعة,على رأس العمل
EMP-0545,مصطفى السلمي,خبير,DEP-045,LOC-009,employee0545@example.sa,2014-08-23,العاشرة,على رأس العمل
EMP-0546,ريم الزهراني,مدير مشروع,DEP-046,LOC-010,employee0546@example.sa,2014-09-29,السابعة,على رأس العمل
EMP-0547,دانة اليامي,مهندس,DEP-047,LOC-011,employee0547@example.sa,2014-11-05,السابعة,على رأس العمل
EMP-0548,عائشة الشمري,خبير,DEP-048,LOC-012,employee0548@example.sa,2014-12-12,الثامنة,على رأس العمل
EMP-0549,خالد الرشيدي,رئيس فريق,DEP-049,LOC-001,employee0549@example.sa,2015-01-18,السابعة,على رأس العمل
EMP-0550,عمر الدوسري,مستشار,DEP-050,LOC-002,employee0550@example.sa,2015-02-24,السابعة,على رأس العمل
EMP-0551,زياد القرني,محلل أول,DEP-001,LOC-001,employee0551@example.sa,2015-04-02,السادسة,إجازة طويلة
EMP-0552,هند العتيبي,باحث,DEP-002,LOC-002,employee0552@example.sa,2015-05-09,الحادية عشرة,على رأس العمل
EMP-0553,مها العمري,رئيس فريق,DEP-003,LOC-003,employee0553@example.sa,2015-06-15,العاشرة,على رأس العمل
EMP-0554,مريم السعدي,مهندس,DEP-004,LOC-004,employee0554@example.sa,2015-07-22,السابعة,على رأس العمل
EMP-0555,فهد السبيعي,رئيس فريق,DEP-005,LOC-005,employee0555@example.sa,2015-08-28,التاسعة,على رأس العمل
EMP-0556,حسن التميمي,أخصائي,DEP-006,LOC-006,employee0556@example.sa,2015-10-04,العاشرة,على رأس العمل
EMP-0557,مازن المطيري,خبير,DEP-007,LOC-007,employee0557@example.sa,2015-11-10,السادسة,على رأس العمل
EMP-0558,منى الجهني,مهندس,DEP-008,LOC-008,employee0558@example.sa,2015-12-17,التاسعة,على رأس العمل
EMP-0559,الجوهرة الغامدي,أخصائي أول,DEP-009,LOC-009,employee0559@example.sa,2016-01-23,التاسعة,على رأس العمل
EMP-0560,محمد البلوي,خبير,DEP-010,LOC-010,employee0560@example.sa,2016-02-29,العاشرة,على رأس العمل
EMP-0561,سعود الحربي,مهندس أول,DEP-011,LOC-011,employee0561@example.sa,2016-04-06,الثامنة,على رأس العمل
EMP-0562,إبراهيم الهاجري,مدير مشروع,DEP-012,LOC-012,employee0562@example.sa,2016-05-13,الحادية عشرة,على رأس العمل
EMP-0563,سارة القحطاني,خبير,DEP-013,LOC-001,employee0563@example.sa,2016-06-19,السابعة,على رأس العمل
EMP-0564,عبير الشهري,محلل,DEP-014,LOC-002,employee0564@example.sa,2016-07-26,السابعة,على رأس العمل
EMP-0565,غادة العبيدي,مدير منتج,DEP-015,LOC-003,employee0565@example.sa,2016-09-01,العاشرة,على رأس العمل
EMP-0566,عبدالله المالكي,رئيس فريق,DEP-016,LOC-004,employee0566@example.sa,2016-10-08,السادسة,على رأس العمل
EMP-0567,ياسر الخالدي,منسق,DEP-017,LOC-005,employee0567@example.sa,2016-11-14,السابعة,على رأس العمل
EMP-0568,طارق العنزي,أخصائي أول,DEP-018,LOC-006,employee0568@example.sa,2016-12-21,الثامنة,على رأس العمل
EMP-0569,لينا السلمي,محلل أول,DEP-019,LOC-007,employee0569@example.sa,2017-01-27,الحادية عشرة,على رأس العمل
EMP-0570,لطيفة الزهراني,أخصائي,DEP-020,LOC-008,employee0570@example.sa,2017-03-05,السابعة,على رأس العمل
EMP-0571,فاطمة اليامي,مدير مشروع,DEP-021,LOC-009,employee0571@example.sa,2017-04-11,الثامنة,على رأس العمل
EMP-0572,سلمان الشمري,مدير مشروع,DEP-022,LOC-010,employee0572@example.sa,2017-05-18,الثامنة,على رأس العمل
EMP-0573,علي الرشيدي,مستشار,DEP-023,LOC-011,employee0573@example.sa,2017-06-24,الحادية عشرة,على رأس العمل
EMP-0574,وليد الدوسري,أخصائي,DEP-024,LOC-012,employee0574@example.sa,2017-07-31,السابعة,على رأس العمل
EMP-0575,أمل القرني,أخصائي,DEP-025,LOC-001,employee0575@example.sa,2017-09-06,التاسعة,على رأس العمل
EMP-0576,شهد العتيبي,مستشار,DEP-026,LOC-002,employee0576@example.sa,2017-10-13,العاشرة,على رأس العمل
EMP-0577,روان العمري,مهندس أول,DEP-027,LOC-003,employee0577@example.sa,2017-11-19,السادسة,على رأس العمل
EMP-0578,تركي السعدي,مشرف,DEP-028,LOC-004,employee0578@example.sa,2017-12-26,العاشرة,على رأس العمل
EMP-0579,حسين السبيعي,محلل,DEP-029,LOC-005,employee0579@example.sa,2018-02-01,الحادية عشرة,على رأس العمل
EMP-0580,نورة التميمي,مشرف,DEP-030,LOC-006,employee0580@example.sa,2018-03-10,الثامنة,إجازة طويلة
EMP-0581,هدى المطيري,رئيس فريق,DEP-031,LOC-007,employee0581@example.sa,2018-04-16,الثامنة,على رأس العمل
EMP-0582,رنا الجهني,مدير منتج,DEP-032,LOC-008,employee0582@example.sa,2018-05-23,السادسة,على رأس العمل
EMP-0583,أحمد الغامدي,أخصائي,DEP-033,LOC-009,employee0583@example.sa,2018-06-29,السادسة,على رأس العمل
EMP-0584,ناصر البلوي,باحث,DEP-034,LOC-010,employee0584@example.sa,2018-08-05,السابعة,على رأس العمل
EMP-0585,مصطفى الحربي,منسق,DEP-035,LOC-011,employee0585@example.sa,2018-09-11,الثامنة,على رأس العمل
EMP-0586,ريم الهاجري,محلل أول,DEP-036,LOC-012,employee0586@example.sa,2018-10-18,السابعة,على رأس العمل
EMP-0587,دانة القحطاني,منسق,DEP-037,LOC-001,employee0587@example.sa,2018-11-24,السابعة,على رأس العمل
EMP-0588,عائشة الشهري,أخصائي,DEP-038,LOC-002,employee0588@example.sa,2018-12-31,التاسعة,على رأس العمل
EMP-0589,خالد العبيدي,محلل,DEP-039,LOC-003,employee0589@example.sa,2019-02-06,الحادية عشرة,على رأس العمل
EMP-0590,عمر المالكي,محلل,DEP-040,LOC-004,employee0590@example.sa,2019-03-15,الحادية عشرة,على رأس العمل
EMP-0591,زياد الخالدي,أخصائي أول,DEP-041,LOC-005,employee0591@example.sa,2019-04-21,الحادية عشرة,على رأس العمل
EMP-0592,هند العنزي,مهندس أول,DEP-042,LOC-006,employee0592@example.sa,2019-05-28,الحادية عشرة,على رأس العمل
EMP-0593,مها السلمي,أخصائي,DEP-043,LOC-007,employee0593@example.sa,2019-07-04,السابعة,على رأس العمل
EMP-0594,مريم الزهراني,أخصائي,DEP-044,LOC-008,employee0594@example.sa,2019-08-10,السابعة,على رأس العمل
EMP-0595,فهد اليامي,باحث,DEP-045,LOC-009,employee0595@example.sa,2019-09-16,العاشرة,على رأس العمل
EMP-0596,حسن الشمري,مستشار,DEP-046,LOC-010,employee0596@example.sa,2019-10-23,الحادية عشرة,على رأس العمل
EMP-0597,مازن الرشيدي,مهندس,DEP-047,LOC-011,employee0597@example.sa,2019-11-29,السابعة,على رأس العمل
EMP-0598,منى الدوسري,خبير,DEP-048,LOC-012,employee0598@example.sa,2020-01-05,السادسة,على رأس العمل
EMP-0599,الجوهرة القرني,باحث,DEP-049,LOC-001,employee0599@example.sa,2020-02-11,العاشرة,على رأس العمل
EMP-0600,محمد العتيبي,محلل,DEP-050,LOC-002,employee0600@example.sa,2020-03-19,التاسعة,على رأس العمل
EMP-0601,سعود العمري,مهندس أول,DEP-001,LOC-001,employee0601@example.sa,2020-04-25,السادسة,على رأس العمل
EMP-0602,إبراهيم السعدي,مشرف,DEP-002,LOC-002,employee0602@example.sa,2020-06-01,التاسعة,على رأس العمل
EMP-0603,سارة السبيعي,أخصائي أول,DEP-003,LOC-003,employee0603@example.sa,2020-07-08,السابعة,على رأس العمل
EMP-0604,عبير التميمي,رئيس فريق,DEP-004,LOC-004,employee0604@example.sa,2020-08-14,السابعة,على رأس العمل
EMP-0605,غادة المطيري,مدير منتج,DEP-005,LOC-005,employee0605@example.sa,2020-09-20,الثامنة,على رأس العمل
EMP-0606,عبدالله الجهني,مشرف,DEP-006,LOC-006,employee0606@example.sa,2020-10-27,التاسعة,على رأس العمل
EMP-0607,ياسر الغامدي,مستشار,DEP-007,LOC-007,employee0607@example.sa,2020-12-03,السابعة,على رأس العمل
EMP-0608,طارق البلوي,خبير,DEP-008,LOC-008,employee0608@example.sa,2021-01-09,الحادية عشرة,على رأس العمل
EMP-0609,لينا الحربي,محلل أول,DEP-009,LOC-009,employee0609@example.sa,2021-02-15,العاشرة,إجازة طويلة
EMP-0610,لطيفة الهاجري,محلل,DEP-010,LOC-010,employee0610@example.sa,2021-03-24,الثامنة,على رأس العمل
EMP-0611,فاطمة القحطاني,منسق,DEP-011,LOC-011,employee0611@example.sa,2021-04-30,التاسعة,على رأس العمل
EMP-0612,سلمان الشهري,مشرف,DEP-012,LOC-012,employee0612@example.sa,2021-06-06,السابعة,على رأس العمل
EMP-0613,علي العبيدي,أخصائي أول,DEP-013,LOC-001,employee0613@example.sa,2021-07-13,العاشرة,على رأس العمل
EMP-0614,وليد المالكي,منسق,DEP-014,LOC-002,employee0614@example.sa,2021-08-19,السابعة,على رأس العمل
EMP-0615,أمل الخالدي,مستشار,DEP-015,LOC-003,employee0615@example.sa,2021-09-25,العاشرة,على رأس العمل
EMP-0616,شهد العنزي,باحث,DEP-016,LOC-004,employee0616@example.sa,2021-11-01,التاسعة,على رأس العمل
EMP-0617,روان السلمي,أخصائي,DEP-017,LOC-005,employee0617@example.sa,2021-12-08,السادسة,على رأس العمل
EMP-0618,تركي الزهراني,أخصائي أول,DEP-018,LOC-006,employee0618@example.sa,2022-01-14,السابعة,على رأس العمل
EMP-0619,حسين اليامي,مشرف,DEP-019,LOC-007,employee0619@example.sa,2022-02-20,الثامنة,على رأس العمل
EMP-0620,نورة الشمري,خبير,DEP-020,LOC-008,employee0620@example.sa,2022-03-29,العاشرة,على رأس العمل
EMP-0621,هدى الرشيدي,أخصائي أول,DEP-021,LOC-009,employee0621@example.sa,2022-05-05,العاشرة,على رأس العمل
EMP-0622,رنا الدوسري,مدير مشروع,DEP-022,LOC-010,employee0622@example.sa,2022-06-11,التاسعة,على رأس العمل
EMP-0623,أحمد القرني,محلل أول,DEP-023,LOC-011,employee0623@example.sa,2022-07-18,العاشرة,على رأس العمل
EMP-0624,ناصر العتيبي,مدير منتج,DEP-024,LOC-012,employee0624@example.sa,2022-08-24,التاسعة,على رأس العمل
EMP-0625,مصطفى العمري,محلل أول,DEP-025,LOC-001,employee0625@example.sa,2022-09-30,السابعة,على رأس العمل
EMP-0626,ريم السعدي,مستشار,DEP-026,LOC-002,employee0626@example.sa,2022-11-06,الحادية عشرة,على رأس العمل
EMP-0627,دانة السبيعي,باحث,DEP-027,LOC-003,employee0627@example.sa,2022-12-13,الثامنة,على رأس العمل
EMP-0628,عائشة التميمي,مدير مشروع,DEP-028,LOC-004,employee0628@example.sa,2023-01-19,السادسة,على رأس العمل
EMP-0629,خالد المطيري,مهندس,DEP-029,LOC-005,employee0629@example.sa,2023-02-25,التاسعة,على رأس العمل
EMP-0630,عمر الجهني,باحث,DEP-030,LOC-006,employee0630@example.sa,2023-04-03,السادسة,على رأس العمل
EMP-0631,زياد الغامدي,أخصائي,DEP-031,LOC-007,employee0631@example.sa,2023-05-10,السادسة,على رأس العمل
EMP-0632,هند البلوي,خبير,DEP-032,LOC-008,employee0632@example.sa,2023-06-16,الحادية عشرة,على رأس العمل
EMP-0633,مها الحربي,خبير,DEP-033,LOC-009,employee0633@example.sa,2023-07-23,العاشرة,على رأس العمل
EMP-0634,مريم الهاجري,أخصائي أول,DEP-034,LOC-010,employee0634@example.sa,2023-08-29,العاشرة,على رأس العمل
EMP-0635,فهد القحطاني,مدير منتج,DEP-035,LOC-011,employee0635@example.sa,2023-10-05,العاشرة,على رأس العمل
EMP-0636,حسن الشهري,رئيس فريق,DEP-036,LOC-012,employee0636@example.sa,2023-11-11,السابعة,على رأس العمل
EMP-0637,مازن العبيدي,منسق,DEP-037,LOC-001,employee0637@example.sa,2023-12-18,الحادية عشرة,على رأس العمل
EMP-0638,منى المالكي,أخصائي,DEP-038,LOC-002,employee0638@example.sa,2024-01-24,السادسة,إجازة طويلة
EMP-0639,الجوهرة الخالدي,باحث,DEP-039,LOC-003,employee0639@example.sa,2024-03-01,السادسة,على رأس العمل
EMP-0640,محمد العنزي,مهندس,DEP-040,LOC-004,employee0640@example.sa,2024-04-07,السادسة,على رأس العمل
EMP-0641,سعود السلمي,رئيس فريق,DEP-041,LOC-005,employee0641@example.sa,2024-05-14,الثامنة,على رأس العمل
EMP-0642,إبراهيم الزهراني,منسق,DEP-042,LOC-006,employee0642@example.sa,2024-06-20,الثامنة,على رأس العمل
EMP-0643,سارة اليامي,مدير منتج,DEP-043,LOC-007,employee0643@example.sa,2024-07-27,العاشرة,على رأس العمل
EMP-0644,عبير الشمري,مدير منتج,DEP-044,LOC-008,employee0644@example.sa,2024-09-02,الثامنة,على رأس العمل
EMP-0645,غادة الرشيدي,محلل,DEP-045,LOC-009,employee0645@example.sa,2024-10-09,الثامنة,على رأس العمل
EMP-0646,عبدالله الدوسري,مستشار,DEP-046,LOC-010,employee0646@example.sa,2024-11-15,الحادية عشرة,على رأس العمل
EMP-0647,ياسر القرني,مهندس,DEP-047,LOC-011,employee0647@example.sa,2024-12-22,التاسعة,على رأس العمل
EMP-0648,طارق العتيبي,محلل,DEP-048,LOC-012,employee0648@example.sa,2025-01-28,السادسة,على رأس العمل
EMP-0649,لينا العمري,رئيس فريق,DEP-049,LOC-001,employee0649@example.sa,2012-01-14,السابعة,على رأس العمل
EMP-0650,لطيفة السعدي,مستشار,DEP-050,LOC-002,employee0650@example.sa,2012-02-20,التاسعة,على رأس العمل
EMP-0651,فاطمة السبيعي,مدير منتج,DEP-001,LOC-001,employee0651@example.sa,2012-03-28,الحادية عشرة,على رأس العمل
EMP-0652,سلمان التميمي,أخصائي,DEP-002,LOC-002,employee0652@example.sa,2012-05-04,الحادية عشرة,على رأس العمل
EMP-0653,علي المطيري,محلل أول,DEP-003,LOC-003,employee0653@example.sa,2012-06-10,التاسعة,على رأس العمل
EMP-0654,وليد الجهني,خبير,DEP-004,LOC-004,employee0654@example.sa,2012-07-17,السادسة,على رأس العمل
EMP-0655,أمل الغامدي,مدير منتج,DEP-005,LOC-005,employee0655@example.sa,2012-08-23,السابعة,على رأس العمل
EMP-0656,شهد البلوي,أخصائي,DEP-006,LOC-006,employee0656@example.sa,2012-09-29,العاشرة,على رأس العمل
EMP-0657,روان الحربي,مهندس أول,DEP-007,LOC-007,employee0657@example.sa,2012-11-05,السادسة,على رأس العمل
EMP-0658,تركي الهاجري,محلل,DEP-008,LOC-008,employee0658@example.sa,2012-12-12,الثامنة,على رأس العمل
EMP-0659,حسين القحطاني,أخصائي,DEP-009,LOC-009,employee0659@example.sa,2013-01-18,الحادية عشرة,على رأس العمل
EMP-0660,نورة الشهري,مدير منتج,DEP-010,LOC-010,employee0660@example.sa,2013-02-24,السابعة,على رأس العمل
EMP-0661,هدى العبيدي,مدير منتج,DEP-011,LOC-011,employee0661@example.sa,2013-04-02,التاسعة,على رأس العمل
EMP-0662,رنا المالكي,أخصائي,DEP-012,LOC-012,employee0662@example.sa,2013-05-09,الحادية عشرة,على رأس العمل
EMP-0663,أحمد الخالدي,منسق,DEP-013,LOC-001,employee0663@example.sa,2013-06-15,السابعة,على رأس العمل
EMP-0664,ناصر العنزي,محلل,DEP-014,LOC-002,employee0664@example.sa,2013-07-22,السابعة,على رأس العمل
EMP-0665,مصطفى السلمي,محلل أول,DEP-015,LOC-003,employee0665@example.sa,2013-08-28,الثامنة,على رأس العمل
EMP-0666,ريم الزهراني,مستشار,DEP-016,LOC-004,employee0666@example.sa,2013-10-04,الحادية عشرة,على رأس العمل
EMP-0667,دانة اليامي,مهندس,DEP-017,LOC-005,employee0667@example.sa,2013-11-10,الثامنة,إجازة طويلة
EMP-0668,عائشة الشمري,أخصائي أول,DEP-018,LOC-006,employee0668@example.sa,2013-12-17,السادسة,على رأس العمل
EMP-0669,خالد الرشيدي,مستشار,DEP-019,LOC-007,employee0669@example.sa,2014-01-23,السابعة,على رأس العمل
EMP-0670,عمر الدوسري,باحث,DEP-020,LOC-008,employee0670@example.sa,2014-03-01,السابعة,على رأس العمل
EMP-0671,زياد القرني,خبير,DEP-021,LOC-009,employee0671@example.sa,2014-04-07,الثامنة,على رأس العمل
EMP-0672,هند العتيبي,مشرف,DEP-022,LOC-010,employee0672@example.sa,2014-05-14,العاشرة,على رأس العمل
EMP-0673,مها العمري,أخصائي,DEP-023,LOC-011,employee0673@example.sa,2014-06-20,الثامنة,على رأس العمل
EMP-0674,مريم السعدي,أخصائي أول,DEP-024,LOC-012,employee0674@example.sa,2014-07-27,الحادية عشرة,على رأس العمل
EMP-0675,فهد السبيعي,مهندس,DEP-025,LOC-001,employee0675@example.sa,2014-09-02,السادسة,على رأس العمل
EMP-0676,حسن التميمي,أخصائي أول,DEP-026,LOC-002,employee0676@example.sa,2014-10-09,السابعة,على رأس العمل
EMP-0677,مازن المطيري,أخصائي أول,DEP-027,LOC-003,employee0677@example.sa,2014-11-15,الحادية عشرة,على رأس العمل
EMP-0678,منى الجهني,خبير,DEP-028,LOC-004,employee0678@example.sa,2014-12-22,السادسة,على رأس العمل
EMP-0679,الجوهرة الغامدي,خبير,DEP-029,LOC-005,employee0679@example.sa,2015-01-28,الثامنة,على رأس العمل
EMP-0680,محمد البلوي,مستشار,DEP-030,LOC-006,employee0680@example.sa,2015-03-06,السابعة,على رأس العمل
EMP-0681,سعود الحربي,مشرف,DEP-031,LOC-007,employee0681@example.sa,2015-04-12,العاشرة,على رأس العمل
EMP-0682,إبراهيم الهاجري,مدير منتج,DEP-032,LOC-008,employee0682@example.sa,2015-05-19,الحادية عشرة,على رأس العمل
EMP-0683,سارة القحطاني,خبير,DEP-033,LOC-009,employee0683@example.sa,2015-06-25,الحادية عشرة,على رأس العمل
EMP-0684,عبير الشهري,محلل أول,DEP-034,LOC-010,employee0684@example.sa,2015-08-01,الحادية عشرة,على رأس العمل
EMP-0685,غادة العبيدي,باحث,DEP-035,LOC-011,employee0685@example.sa,2015-09-07,العاشرة,على رأس العمل
EMP-0686,عبدالله المالكي,أخصائي أول,DEP-036,LOC-012,employee0686@example.sa,2015-10-14,التاسعة,على رأس العمل
EMP-0687,ياسر الخالدي,مهندس أول,DEP-037,LOC-001,employee0687@example.sa,2015-11-20,العاشرة,على رأس العمل
EMP-0688,طارق العنزي,محلل أول,DEP-038,LOC-002,employee0688@example.sa,2015-12-27,العاشرة,على رأس العمل
EMP-0689,لينا السلمي,باحث,DEP-039,LOC-003,employee0689@example.sa,2016-02-02,الحادية عشرة,على رأس العمل
EMP-0690,لطيفة الزهراني,أخصائي أول,DEP-040,LOC-004,employee0690@example.sa,2016-03-10,التاسعة,على رأس العمل
EMP-0691,فاطمة اليامي,منسق,DEP-041,LOC-005,employee0691@example.sa,2016-04-16,التاسعة,على رأس العمل
EMP-0692,سلمان الشمري,محلل,DEP-042,LOC-006,employee0692@example.sa,2016-05-23,العاشرة,على رأس العمل
EMP-0693,علي الرشيدي,محلل أول,DEP-043,LOC-007,employee0693@example.sa,2016-06-29,التاسعة,على رأس العمل
EMP-0694,وليد الدوسري,رئيس فريق,DEP-044,LOC-008,employee0694@example.sa,2016-08-05,السادسة,على رأس العمل
EMP-0695,أمل القرني,مهندس,DEP-045,LOC-009,employee0695@example.sa,2016-09-11,العاشرة,على رأس العمل
EMP-0696,شهد العتيبي,مدير مشروع,DEP-046,LOC-010,employee0696@example.sa,2016-10-18,الثامنة,إجازة طويلة
EMP-0697,روان العمري,مدير منتج,DEP-047,LOC-011,employee0697@example.sa,2016-11-24,الثامنة,على رأس العمل
EMP-0698,تركي السعدي,منسق,DEP-048,LOC-012,employee0698@example.sa,2016-12-31,الثامنة,على رأس العمل
EMP-0699,حسين السبيعي,مشرف,DEP-049,LOC-001,employee0699@example.sa,2017-02-06,السادسة,على رأس العمل
EMP-0700,نورة التميمي,مدير مشروع,DEP-050,LOC-002,employee0700@example.sa,2017-03-15,السابعة,على رأس العمل
EMP-0701,هدى المطيري,مدير منتج,DEP-001,LOC-001,employee0701@example.sa,2017-04-21,الثامنة,على رأس العمل
EMP-0702,رنا الجهني,مدير مشروع,DEP-002,LOC-002,employee0702@example.sa,2017-05-28,التاسعة,على رأس العمل
EMP-0703,أحمد الغامدي,رئيس فريق,DEP-003,LOC-003,employee0703@example.sa,2017-07-04,العاشرة,على رأس العمل
EMP-0704,ناصر البلوي,رئيس فريق,DEP-004,LOC-004,employee0704@example.sa,2017-08-10,الحادية عشرة,على رأس العمل
EMP-0705,مصطفى الحربي,مدير منتج,DEP-005,LOC-005,employee0705@example.sa,2017-09-16,السابعة,على رأس العمل
EMP-0706,ريم الهاجري,محلل,DEP-006,LOC-006,employee0706@example.sa,2017-10-23,العاشرة,على رأس العمل
EMP-0707,دانة القحطاني,مهندس,DEP-007,LOC-007,employee0707@example.sa,2017-11-29,الحادية عشرة,على رأس العمل
EMP-0708,عائشة الشهري,مدير مشروع,DEP-008,LOC-008,employee0708@example.sa,2018-01-05,العاشرة,على رأس العمل
EMP-0709,خالد العبيدي,مشرف,DEP-009,LOC-009,employee0709@example.sa,2018-02-11,العاشرة,على رأس العمل
EMP-0710,عمر المالكي,محلل,DEP-010,LOC-010,employee0710@example.sa,2018-03-20,الثامنة,على رأس العمل
EMP-0711,زياد الخالدي,أخصائي أول,DEP-011,LOC-011,employee0711@example.sa,2018-04-26,التاسعة,على رأس العمل
EMP-0712,هند العنزي,مهندس,DEP-012,LOC-012,employee0712@example.sa,2018-06-02,السادسة,على رأس العمل
EMP-0713,مها السلمي,مستشار,DEP-013,LOC-001,employee0713@example.sa,2018-07-09,الحادية عشرة,على رأس العمل
EMP-0714,مريم الزهراني,مهندس,DEP-014,LOC-002,employee0714@example.sa,2018-08-15,العاشرة,على رأس العمل
EMP-0715,فهد اليامي,باحث,DEP-015,LOC-003,employee0715@example.sa,2018-09-21,العاشرة,على رأس العمل
EMP-0716,حسن الشمري,مهندس,DEP-016,LOC-004,employee0716@example.sa,2018-10-28,العاشرة,على رأس العمل
EMP-0717,مازن الرشيدي,أخصائي,DEP-017,LOC-005,employee0717@example.sa,2018-12-04,السابعة,على رأس العمل
EMP-0718,منى الدوسري,أخصائي,DEP-018,LOC-006,employee0718@example.sa,2019-01-10,السابعة,على رأس العمل
EMP-0719,الجوهرة القرني,مهندس,DEP-019,LOC-007,employee0719@example.sa,2019-02-16,الحادية عشرة,على رأس العمل
EMP-0720,محمد العتيبي,أخصائي أول,DEP-020,LOC-008,employee0720@example.sa,2019-03-25,السادسة,على رأس العمل
EMP-0721,سعود العمري,مستشار,DEP-021,LOC-009,employee0721@example.sa,2019-05-01,السابعة,على رأس العمل
EMP-0722,إبراهيم السعدي,محلل أول,DEP-022,LOC-010,employee0722@example.sa,2019-06-07,التاسعة,على رأس العمل
EMP-0723,سارة السبيعي,مشرف,DEP-023,LOC-011,employee0723@example.sa,2019-07-14,الحادية عشرة,على رأس العمل
EMP-0724,عبير التميمي,مدير منتج,DEP-024,LOC-012,employee0724@example.sa,2019-08-20,الحادية عشرة,على رأس العمل
EMP-0725,غادة المطيري,منسق,DEP-025,LOC-001,employee0725@example.sa,2019-09-26,الحادية عشرة,إجازة طويلة
EMP-0726,عبدالله الجهني,مستشار,DEP-026,LOC-002,employee0726@example.sa,2019-11-02,السادسة,على رأس العمل
EMP-0727,ياسر الغامدي,محلل,DEP-027,LOC-003,employee0727@example.sa,2019-12-09,العاشرة,على رأس العمل
EMP-0728,طارق البلوي,مهندس أول,DEP-028,LOC-004,employee0728@example.sa,2020-01-15,الحادية عشرة,على رأس العمل
EMP-0729,لينا الحربي,مستشار,DEP-029,LOC-005,employee0729@example.sa,2020-02-21,الحادية عشرة,على رأس العمل
EMP-0730,لطيفة الهاجري,منسق,DEP-030,LOC-006,employee0730@example.sa,2020-03-29,الثامنة,على رأس العمل
EMP-0731,فاطمة القحطاني,محلل أول,DEP-031,LOC-007,employee0731@example.sa,2020-05-05,التاسعة,على رأس العمل
EMP-0732,سلمان الشهري,محلل,DEP-032,LOC-008,employee0732@example.sa,2020-06-11,الحادية عشرة,على رأس العمل
EMP-0733,علي العبيدي,مهندس أول,DEP-033,LOC-009,employee0733@example.sa,2020-07-18,السابعة,على رأس العمل
EMP-0734,وليد المالكي,مدير منتج,DEP-034,LOC-010,employee0734@example.sa,2020-08-24,العاشرة,على رأس العمل
EMP-0735,أمل الخالدي,أخصائي,DEP-035,LOC-011,employee0735@example.sa,2020-09-30,السابعة,على رأس العمل
EMP-0736,شهد العنزي,منسق,DEP-036,LOC-012,employee0736@example.sa,2020-11-06,الثامنة,على رأس العمل
EMP-0737,روان السلمي,مشرف,DEP-037,LOC-001,employee0737@example.sa,2020-12-13,السادسة,على رأس العمل
EMP-0738,تركي الزهراني,محلل,DEP-038,LOC-002,employee0738@example.sa,2021-01-19,الحادية عشرة,على رأس العمل
EMP-0739,حسين اليامي,مهندس,DEP-039,LOC-003,employee0739@example.sa,2021-02-25,السابعة,على رأس العمل
EMP-0740,نورة الشمري,مشرف,DEP-040,LOC-004,employee0740@example.sa,2021-04-03,الحادية عشرة,على رأس العمل
EMP-0741,هدى الرشيدي,مستشار,DEP-041,LOC-005,employee0741@example.sa,2021-05-10,السادسة,على رأس العمل
EMP-0742,رنا الدوسري,مدير مشروع,DEP-042,LOC-006,employee0742@example.sa,2021-06-16,العاشرة,على رأس العمل
EMP-0743,أحمد القرني,منسق,DEP-043,LOC-007,employee0743@example.sa,2021-07-23,السادسة,على رأس العمل
EMP-0744,ناصر العتيبي,مدير منتج,DEP-044,LOC-008,employee0744@example.sa,2021-08-29,السابعة,على رأس العمل
EMP-0745,مصطفى العمري,باحث,DEP-045,LOC-009,employee0745@example.sa,2021-10-05,الحادية عشرة,على رأس العمل
EMP-0746,ريم السعدي,رئيس فريق,DEP-046,LOC-010,employee0746@example.sa,2021-11-11,السادسة,على رأس العمل
EMP-0747,دانة السبيعي,أخصائي,DEP-047,LOC-011,employee0747@example.sa,2021-12-18,الثامنة,على رأس العمل
EMP-0748,عائشة التميمي,مهندس,DEP-048,LOC-012,employee0748@example.sa,2022-01-24,العاشرة,على رأس العمل
EMP-0749,خالد المطيري,أخصائي أول,DEP-049,LOC-001,employee0749@example.sa,2022-03-02,السادسة,على رأس العمل
EMP-0750,عمر الجهني,أخصائي أول,DEP-050,LOC-002,employee0750@example.sa,2022-04-08,السابعة,على رأس العمل
EMP-0751,زياد الغامدي,مهندس أول,DEP-001,LOC-001,employee0751@example.sa,2022-05-15,الثامنة,على رأس العمل
EMP-0752,هند البلوي,رئيس فريق,DEP-002,LOC-002,employee0752@example.sa,2022-06-21,السادسة,على رأس العمل
EMP-0753,مها الحربي,مهندس,DEP-003,LOC-003,employee0753@example.sa,2022-07-28,الثامنة,على رأس العمل
EMP-0754,مريم الهاجري,منسق,DEP-004,LOC-004,employee0754@example.sa,2022-09-03,التاسعة,إجازة طويلة
EMP-0755,فهد القحطاني,باحث,DEP-005,LOC-005,employee0755@example.sa,2022-10-10,الثامنة,على رأس العمل
EMP-0756,حسن الشهري,خبير,DEP-006,LOC-006,employee0756@example.sa,2022-11-16,السابعة,على رأس العمل
EMP-0757,مازن العبيدي,مدير مشروع,DEP-007,LOC-007,employee0757@example.sa,2022-12-23,السادسة,على رأس العمل
EMP-0758,منى المالكي,مهندس أول,DEP-008,LOC-008,employee0758@example.sa,2023-01-29,التاسعة,على رأس العمل
EMP-0759,الجوهرة الخالدي,مستشار,DEP-009,LOC-009,employee0759@example.sa,2023-03-07,الحادية عشرة,على رأس العمل
EMP-0760,محمد العنزي,مدير منتج,DEP-010,LOC-010,employee0760@example.sa,2023-04-13,الثامنة,على رأس العمل
EMP-0761,سعود السلمي,مدير مشروع,DEP-011,LOC-011,employee0761@example.sa,2023-05-20,العاشرة,على رأس العمل
EMP-0762,إبراهيم الزهراني,أخصائي أول,DEP-012,LOC-012,employee0762@example.sa,2023-06-26,السابعة,على رأس العمل
EMP-0763,سارة اليامي,خبير,DEP-013,LOC-001,employee0763@example.sa,2023-08-02,الثامنة,على رأس العمل
EMP-0764,عبير الشمري,مشرف,DEP-014,LOC-002,employee0764@example.sa,2023-09-08,السادسة,على رأس العمل
EMP-0765,غادة الرشيدي,محلل أول,DEP-015,LOC-003,employee0765@example.sa,2023-10-15,العاشرة,على رأس العمل
EMP-0766,عبدالله الدوسري,مشرف,DEP-016,LOC-004,employee0766@example.sa,2023-11-21,العاشرة,على رأس العمل
EMP-0767,ياسر القرني,أخصائي أول,DEP-017,LOC-005,employee0767@example.sa,2023-12-28,التاسعة,على رأس العمل
EMP-0768,طارق العتيبي,رئيس فريق,DEP-018,LOC-006,employee0768@example.sa,2024-02-03,السابعة,على رأس العمل
EMP-0769,لينا العمري,رئيس فريق,DEP-019,LOC-007,employee0769@example.sa,2024-03-11,التاسعة,على رأس العمل
EMP-0770,لطيفة السعدي,مدير مشروع,DEP-020,LOC-008,employee0770@example.sa,2024-04-17,الثامنة,على رأس العمل
EMP-0771,فاطمة السبيعي,أخصائي,DEP-021,LOC-009,employee0771@example.sa,2024-05-24,السابعة,على رأس العمل
EMP-0772,سلمان التميمي,مهندس,DEP-022,LOC-010,employee0772@example.sa,2024-06-30,السابعة,على رأس العمل
EMP-0773,علي المطيري,محلل أول,DEP-023,LOC-011,employee0773@example.sa,2024-08-06,الثامنة,على رأس العمل
EMP-0774,وليد الجهني,مشرف,DEP-024,LOC-012,employee0774@example.sa,2024-09-12,العاشرة,على رأس العمل
EMP-0775,أمل الغامدي,محلل أول,DEP-025,LOC-001,employee0775@example.sa,2024-10-19,الحادية عشرة,على رأس العمل
EMP-0776,شهد البلوي,مهندس أول,DEP-026,LOC-002,employee0776@example.sa,2024-11-25,العاشرة,على رأس العمل
EMP-0777,روان الحربي,مستشار,DEP-027,LOC-003,employee0777@example.sa,2025-01-01,العاشرة,على رأس العمل
EMP-0778,تركي الهاجري,مدير منتج,DEP-028,LOC-004,employee0778@example.sa,2025-02-07,العاشرة,على رأس العمل
EMP-0779,حسين القحطاني,محلل أول,DEP-029,LOC-005,employee0779@example.sa,2012-01-24,التاسعة,على رأس العمل
EMP-0780,نورة الشهري,مهندس أول,DEP-030,LOC-006,employee0780@example.sa,2012-03-01,السادسة,على رأس العمل
EMP-0781,هدى العبيدي,محلل أول,DEP-031,LOC-007,employee0781@example.sa,2012-04-07,السابعة,على رأس العمل
EMP-0782,رنا المالكي,منسق,DEP-032,LOC-008,employee0782@example.sa,2012-05-14,العاشرة,على رأس العمل
EMP-0783,أحمد الخالدي,مهندس,DEP-033,LOC-009,employee0783@example.sa,2012-06-20,السابعة,إجازة طويلة
EMP-0784,ناصر العنزي,مهندس,DEP-034,LOC-010,employee0784@example.sa,2012-07-27,الحادية عشرة,على رأس العمل
EMP-0785,مصطفى السلمي,مستشار,DEP-035,LOC-011,employee0785@example.sa,2012-09-02,العاشرة,على رأس العمل
EMP-0786,ريم الزهراني,منسق,DEP-036,LOC-012,employee0786@example.sa,2012-10-09,السادسة,على رأس العمل
EMP-0787,دانة اليامي,أخصائي,DEP-037,LOC-001,employee0787@example.sa,2012-11-15,السابعة,على رأس العمل
EMP-0788,عائشة الشمري,مهندس,DEP-038,LOC-002,employee0788@example.sa,2012-12-22,السابعة,على رأس العمل
EMP-0789,خالد الرشيدي,باحث,DEP-039,LOC-003,employee0789@example.sa,2013-01-28,التاسعة,على رأس العمل
EMP-0790,عمر الدوسري,مهندس,DEP-040,LOC-004,employee0790@example.sa,2013-03-06,السابعة,على رأس العمل
EMP-0791,زياد القرني,مدير منتج,DEP-041,LOC-005,employee0791@example.sa,2013-04-12,العاشرة,على رأس العمل
EMP-0792,هند العتيبي,أخصائي أول,DEP-042,LOC-006,employee0792@example.sa,2013-05-19,التاسعة,على رأس العمل
EMP-0793,مها العمري,باحث,DEP-043,LOC-007,employee0793@example.sa,2013-06-25,التاسعة,على رأس العمل
EMP-0794,مريم السعدي,محلل أول,DEP-044,LOC-008,employee0794@example.sa,2013-08-01,العاشرة,على رأس العمل
EMP-0795,فهد السبيعي,أخصائي أول,DEP-045,LOC-009,employee0795@example.sa,2013-09-07,الثامنة,على رأس العمل
EMP-0796,حسن التميمي,أخصائي أول,DEP-046,LOC-010,employee0796@example.sa,2013-10-14,السابعة,على رأس العمل
EMP-0797,مازن المطيري,مهندس,DEP-047,LOC-011,employee0797@example.sa,2013-11-20,الثامنة,على رأس العمل
EMP-0798,منى الجهني,مهندس أول,DEP-048,LOC-012,employee0798@example.sa,2013-12-27,الثامنة,على رأس العمل
EMP-0799,الجوهرة الغامدي,منسق,DEP-049,LOC-001,employee0799@example.sa,2014-02-02,السابعة,على رأس العمل
EMP-0800,محمد البلوي,محلل أول,DEP-050,LOC-002,employee0800@example.sa,2014-03-11,السابعة,على رأس العمل
